,Seq,Datetime,Month,Weekday,Time,Description,Operator,Entry_Route,Exit,Product,Change,Balance,SB_Change,SB_Balance,Trip,bus_time
0,3,2013-11-05 12:34:00,11,Tuesday,12:34,ALPO Object Update,Metrorail,Rosslyn,,ALP SB Trn FF,0.0,14.5,160.0,160.0,0,
1,4,2013-11-05 12:34:00,11,Tuesday,12:34,Entry,Metrorail,Rosslyn,,Stored ValueALP SB Trn FF,0.0,14.5,0.0,160.0,1,
2,5,2013-11-05 12:52:00,11,Tuesday,12:52,Exit,Metrorail,Rosslyn,Capitol South,Stored ValueALP SB Trn FF,0.0,14.5,0.0,158.0,1,
3,6,2013-11-07 12:33:00,11,Thursday,12:33,Entry,Metrorail,Rosslyn,,Stored ValueALP SB Trn FF,0.0,14.5,2.0,158.0,2,
4,7,2013-11-07 12:50:00,11,Thursday,12:50,Exit,Metrorail,Rosslyn,Capitol South,Stored ValueALP SB Trn FF,0.0,14.5,0.0,156.0,2,
5,8,2013-11-12 12:32:00,11,Tuesday,12:32,Entry,Metrorail,Rosslyn,,Stored ValueALP SB Trn FF,0.0,14.5,2.0,156.0,3,
6,9,2013-11-12 12:50:00,11,Tuesday,12:50,Exit,Metrorail,Rosslyn,Capitol South,Stored ValueALP SB Trn FF,0.0,14.5,0.0,154.0,3,
7,10,2013-11-14 12:33:00,11,Thursday,12:33,Entry,Metrorail,Rosslyn,,Stored ValueALP SB Trn FF,0.0,14.5,2.0,154.0,4,
8,11,2013-11-14 12:54:00,11,Thursday,12:54,Exit,Metrorail,Rosslyn,Capitol South,Stored ValueALP SB Trn FF,0.0,14.5,0.0,152.0,4,
9,12,2013-11-15 08:55:00,11,Friday,8:55,Entry,Metrorail,Rosslyn,,Stored ValueALP SB Trn FF,0.0,14.5,2.5,152.0,5,
10,13,2013-11-15 09:16:00,11,Friday,9:16,Exit,Metrorail,Rosslyn,Capitol South,Stored ValueALP SB Trn FF,0.0,14.5,0.0,149.5,5,
11,14,2013-11-19 12:33:00,11,Tuesday,12:33,Entry,Metrorail,Rosslyn,,Stored ValueALP SB Trn FF,0.0,14.5,2.0,149.5,6,
12,15,2013-11-19 12:51:00,11,Tuesday,12:51,Exit,Metrorail,Rosslyn,Capitol South,Stored ValueALP SB Trn FF,0.0,14.5,1.0,147.5,6,
13,0,2013-11-19 17:59:00,11,Tuesday,17:59,Entry,DC Circulator,Georgetown - Union,,Stored ValueALP SB Trn FF,0.0,14.5,0.0,146.5,7,
14,1,2013-11-21 12:31:00,11,Thursday,12:31,Entry,Metrorail,Rosslyn,,Stored ValueALP SB Trn FF,0.0,14.5,0.0,146.5,8,
15,2,2013-11-21 12:57:00,11,Thursday,12:57,Exit,Metrorail,Rosslyn,Capitol South,Stored ValueALP SB Trn FF,0.0,14.5,2.0,146.5,8,
16,3,2013-11-22 17:23:00,11,Friday,17:23,Entry,Metrorail,Capitol South,,Stored ValueALP SB Trn FF,0.0,14.5,2.5,144.5,9,
17,4,2013-11-22 17:44:00,11,Friday,17:44,Exit,Metrorail,Capitol South,Rosslyn,Stored ValueALP SB Trn FF,0.0,14.5,0.0,142.0,9,
18,5,2013-11-26 12:34:00,11,Tuesday,12:34,Entry,Metrorail,Rosslyn,,Stored ValueALP SB Trn FF,0.0,14.5,2.0,142.0,10,
19,6,2013-11-26 12:52:00,11,Tuesday,12:52,Exit,Metrorail,Rosslyn,Capitol South,Stored ValueALP SB Trn FF,0.0,14.5,0.0,140.0,10,
20,7,2013-11-27 13:44:00,11,Wednesday,13:44,Entry,Metrorail,Union Station,,Stored ValueALP SB Trn FF,0.0,14.5,1.7,140.0,11,
21,8,2013-11-27 14:05:00,11,Wednesday,14:05,Exit,Metrorail,Union Station,Dupont Circle,Stored ValueALP SB Trn FF,0.0,14.5,0.0,138.3,11,
22,9,2013-11-27 17:04:00,11,Wednesday,17:04,Entry,Metrorail,Dupont Circle,,Stored ValueALP SB Trn FF,0.0,14.5,2.1,138.3,12,
23,10,2013-11-27 17:18:00,11,Wednesday,17:18,Exit,Metrorail,Dupont Circle,Union Station,Stored ValueALP SB Trn FF,0.0,14.5,-23.8,136.2,12,
24,11,2013-12-01 22:02:00,12,Sunday,22:02,ALPO Object Update,Metrorail,Union Station,,ALP SB Trn FF,0.0,14.5,2.2,160.0,12,
25,12,2013-12-01 22:02:00,12,Sunday,22:02,Entry,Metrorail,Union Station,,Stored ValueALP SB Trn FF,0.0,14.5,0.0,160.0,13,
26,14,2013-12-01 22:21:00,12,Sunday,22:21,Transfer,DC Circulator,Rosslyn - Dupont,,Stored ValueALP SB Trn FF,0.0,14.5,-0.5,157.8,13,
27,13,2013-12-01 22:34:00,12,Sunday,22:34,Exit,Metrorail,Union Station,Dupont Circle,Stored ValueALP SB Trn FF,0.0,14.5,0.5,158.3,13,
28,15,2013-12-03 12:34:00,12,Tuesday,12:34,Entry,Metrorail,Rosslyn,,Stored ValueALP SB Trn FF,0.0,14.5,2.0,157.8,14,
29,0,2013-12-03 12:59:00,12,Tuesday,12:59,Exit,Metrorail,,Capitol South,Stored ValueALP SB Trn FF,0.0,14.5,1.0,155.8,14,
30,1,2013-12-03 16:55:00,12,Tuesday,16:55,Entry,DC Circulator,Georgetown - Union,,Stored ValueALP SB Trn FF,0.0,14.5,0.0,154.8,15,
31,2,2013-12-05 17:18:00,12,Thursday,17:18,Entry,Metrorail,Union Station,,Stored ValueALP SB Trn FF,0.0,14.5,2.1,154.8,16,
32,3,2013-12-05 17:32:00,12,Thursday,17:32,Exit,Metrorail,Union Station,Dupont Circle,Stored ValueALP SB Trn FF,0.0,14.5,0.0,152.7,16,
33,4,2013-12-11 13:32:00,12,Wednesday,13:32,Entry,Metrorail,Union Station,,Stored ValueALP SB Trn FF,0.0,14.5,1.7,152.7,17,
34,5,2013-12-11 13:49:00,12,Wednesday,13:49,Exit,Metrorail,Union Station,Dupont Circle,Stored ValueALP SB Trn FF,0.0,14.5,0.0,151.0,17,
35,6,2013-12-12 12:52:00,12,Thursday,12:52,Entry,Metrorail,Rosslyn,,Stored ValueALP SB Trn FF,0.0,14.5,2.0,151.0,18,
36,7,2013-12-12 13:15:00,12,Thursday,13:15,Exit,Metrorail,Rosslyn,Capitol South,Stored ValueALP SB Trn FF,0.0,14.5,0.0,149.0,18,
37,8,2013-12-13 19:57:00,12,Friday,19:57,Entry,Metrorail,Union Station,,Stored ValueALP SB Trn FF,0.0,14.5,1.7,149.0,19,
38,9,2013-12-13 20:09:00,12,Friday,20:09,Exit,Metrorail,Union Station,Dupont Circle,Stored ValueALP SB Trn FF,0.0,14.5,-12.7,147.3,19,
39,10,2014-01-07 15:13:00,1,Tuesday,15:13,ALPO Object Update,Metrorail,Union Station,,ALP SB Trn FF,0.0,14.5,2.1,160.0,19,
40,11,2014-01-07 15:13:00,1,Tuesday,15:13,Entry,Metrorail,Union Station,,Stored ValueALP SB Trn FF,0.0,14.5,0.0,160.0,20,
41,12,2014-01-07 15:28:00,1,Tuesday,15:28,Exit,Metrorail,Union Station,Dupont Circle,Stored ValueALP SB Trn FF,0.0,14.5,1.0,157.9,20,
42,13,2014-01-09 10:50:00,1,Thursday,10:50,Entry,DC Circulator,Rosslyn - Dupont,,Stored ValueALP SB Trn FF,0.0,14.5,0.0,156.9,21,
43,14,2014-01-09 11:19:00,1,Thursday,11:19,Transfer,Metrorail,,Rosslyn,Stored ValueALP SB Trn FF,0.0,14.5,1.2,156.9,21,
44,15,2014-01-09 11:32:00,1,Thursday,11:32,Exit,Metrorail,,Court House,Stored ValueALP SB Trn FF,0.0,14.5,1.6,155.7,21,
45,0,2014-01-13 17:04:00,1,Monday,17:04,Entry,Metrobus,31,,Stored ValueALP SB Trn FF,0.0,14.5,1.0,154.1,22,
46,1,2014-01-13 21:17:00,1,Monday,21:17,ALPO Object Update,DC Circulator,Georgetown - Union,,ALP SB Trn FF,0.0,14.5,25.1,154.1,22,
47,2,2014-01-13 21:17:00,1,Monday,21:17,Entry,DC Circulator,Georgetown - Union,,Stored ValueALP SB Trn FF,0.0,14.5,-1.0,153.1,23,
48,3,2014-02-05 21:08:00,2,Wednesday,21:08,ALPO Object Update,DC Circulator,Georgetown - Union,,ALP SB Trn FF,0.0,14.5,0.0,129.0,23,
49,4,2014-02-05 21:08:00,2,Wednesday,21:08,Entry,DC Circulator,Georgetown - Union,,Stored ValueALP SB Trn FF,0.0,14.5,0.0,129.0,24,
50,5,2014-02-06 13:02:00,2,Thursday,13:02,Entry,Metrorail,Dupont Circle,,Stored ValueALP SB Trn FF,0.0,14.5,1.7,129.0,25,
51,6,2014-02-06 13:10:00,2,Thursday,13:10,Exit,Metrorail,Dupont Circle,Gallery Place,Stored ValueALP SB Trn FF,0.0,14.5,0.0,127.3,25,
52,7,2014-02-06 13:45:00,2,Thursday,13:45,Entry,Metrorail,Gallery Place,,Stored ValueALP SB Trn FF,0.0,14.5,1.7,127.3,26,
53,8,2014-02-06 13:53:00,2,Thursday,13:53,Exit,Metrorail,Gallery Place,Dupont Circle,Stored ValueALP SB Trn FF,0.0,14.5,0.0,125.6,26,
54,9,2014-02-07 15:48:00,2,Friday,15:48,Entry,Metrorail,Dupont Circle,,Stored ValueALP SB Trn FF,0.0,14.5,5.15,125.6,27,
55,10,2014-02-07 16:23:00,2,Friday,16:23,Exit,Metrorail,Dupont Circle,Rockville,Stored ValueALP SB Trn FF,0.0,14.5,1.6,120.45,27,
56,11,2014-02-10 17:30:00,2,Monday,17:30,Entry,Metrobus,31,,Stored ValueALP SB Trn FF,0.0,14.5,1.6,118.85,28,
57,12,2014-02-10 21:20:00,2,Monday,21:20,Entry,Metrobus,31,,Stored ValueALP SB Trn FF,0.0,14.5,1.0,117.25,29,
58,13,2014-02-12 13:22:00,2,Wednesday,13:22,Entry,DC Circulator,Georgetown - Union,,Stored ValueALP SB Trn FF,0.0,14.5,0.0,116.25,30,
59,14,2014-02-12 15:19:00,2,Wednesday,15:19,Transfer,DC Circulator,Georgetown - Union,,StoredValue FF,0.0,14.5,0.0,116.25,30,
60,15,2014-02-13 18:38:00,2,Thursday,18:38,Entry,Metrorail,Rosslyn,,Stored ValueALP SB Trn FF,0.0,14.5,2.1,116.25,31,
61,0,2014-02-13 19:03:00,2,Thursday,19:03,Exit,Metrorail,Rosslyn,Dupont Circle,Stored ValueALP SB Trn FF,0.0,14.5,0.0,114.15,31,
62,1,2014-02-14 10:35:00,2,Friday,10:35,Entry,Metrorail,Dupont Circle,,Stored ValueALP SB Trn FF,0.0,14.5,1.7,114.15,32,
63,2,2014-02-14 10:59:00,2,Friday,10:59,Exit,Metrorail,Dupont Circle,Union Station,Stored ValueALP SB Trn FF,0.0,14.5,0.0,112.45,32,
64,3,2014-02-14 12:04:00,2,Friday,12:04,Entry,Metrorail,Union Station,,Stored ValueALP SB Trn FF,0.0,14.5,1.7,112.45,33,
65,4,2014-02-14 12:17:00,2,Friday,12:17,Exit,Metrorail,Union Station,Dupont Circle,Stored ValueALP SB Trn FF,0.0,14.5,1.6,110.75,33,
66,5,2014-02-16 13:58:00,2,Sunday,13:58,Entry,Metrobus,D2,,Stored ValueALP SB Trn FF,0.0,14.5,0.0,109.15,34,
67,6,2014-02-21 11:59:00,2,Friday,11:59,Entry,Metrorail,Rosslyn,,Stored ValueALP SB Trn FF,0.0,14.5,1.7,109.15,35,
68,7,2014-02-21 12:15:00,2,Friday,12:15,Exit,Metrorail,Rosslyn,Pentagon,Stored ValueALP SB Trn FF,0.0,14.5,0.0,107.45,35,
69,10,2014-02-21 13:45:00,2,Friday,13:45,Transfer,DC Circulator,Rosslyn - Dupont,,Stored ValueALP SB Trn FF,0.0,14.5,1.7,107.45,35,
70,8,2014-02-21 13:53:00,2,Friday,13:53,Entry,Metrorail,Pentagon,,Stored ValueALP SB Trn FF,0.0,14.5,0.5,105.75,36,
71,9,2014-02-21 14:05:00,2,Friday,14:05,Exit,Metrorail,Pentagon,Rosslyn,Stored ValueALP SB Trn FF,0.0,14.5,1.6,105.25,36,
72,11,2014-02-24 18:29:00,2,Monday,18:29,Entry,Metrobus,31,,Stored ValueALP SB Trn FF,0.0,14.5,1.6,103.65,37,
73,12,2014-02-24 21:48:00,2,Monday,21:48,Entry,Metrobus,31,,Stored ValueALP SB Trn FF,0.0,14.5,0.0,102.05,38,
74,13,2014-02-28 09:22:00,2,Friday,9:22,Entry,Metrorail,Rosslyn,,Stored ValueALP SB Trn FF,0.0,14.5,2.3,102.05,39,
75,14,2014-02-28 09:37:00,2,Friday,9:37,Exit,Metrorail,Rosslyn,National Airport,Stored ValueALP SB Trn FF,0.0,14.5,-28.4,99.75,39,
76,15,2014-03-02 11:02:00,3,Sunday,11:02,ALPO Object Update,Metrorail,National Airport,,ALP SB Trn FF,0.0,14.5,1.85,130.0,39,
77,0,2014-03-02 11:02:00,3,Sunday,11:02,Entry,Metrorail,National Airport,,Stored ValueALP SB Trn FF,0.0,14.5,-1.85,128.15,40,
78,1,2014-03-02 11:26:00,3,Sunday,11:26,Exit,Metrorail,National Airport,Rosslyn,Stored ValueALP SB Trn FF,0.0,14.5,0.0,128.15,40,
79,2,2014-03-04 18:41:00,3,Tuesday,18:41,Entry,Metrorail,Rosslyn,,Stored ValueALP SB Trn FF,0.0,14.5,2.1,128.15,41,
80,3,2014-03-04 18:54:00,3,Tuesday,18:54,Exit,Metrorail,Rosslyn,Metro Center,Stored ValueALP SB Trn FF,0.0,14.5,0.0,126.05,41,
81,4,2014-03-04 21:13:00,3,Tuesday,21:13,Entry,Metrorail,Metro Center,,Stored ValueALP SB Trn FF,0.0,14.5,1.7,126.05,42,
82,5,2014-03-04 21:27:00,3,Tuesday,21:27,Exit,Metrorail,Metro Center,Rosslyn,Stored ValueALP SB Trn FF,0.0,14.5,124.35,124.35,42,
83,6,2014-03-08 10:22:00,3,Saturday,10:22,ALPO Object Suspend,DC Circulator,Georgetown - Union,,ALP SB Trn FF,0.0,14.5,0.0,0.0,42,
84,7,2014-03-08 10:22:00,3,Saturday,10:22,Entry,DC Circulator,Georgetown - Union,,StoredValue FF,-1.0,13.5,,,43,
85,8,2014-03-12 12:05:00,3,Wednesday,12:05,Entry,DC Circulator,Georgetown - Union,,StoredValue FF,-1.0,12.5,,,44,
86,9,2014-03-15 12:09:00,3,Saturday,12:09,Entry,DC Circulator,Georgetown - Union,,StoredValue FF,-1.0,11.5,,,45,
87,10,2014-03-15 16:56:00,3,Saturday,16:56,Entry,DC Circulator,Georgetown - Union,,StoredValue FF,-1.0,10.5,,,46,
88,11,2014-03-16 10:47:00,3,Sunday,10:47,Entry,DC Circulator,Georgetown - Union,,StoredValue FF,-1.0,9.5,,,47,
89,12,2014-03-16 17:06:00,3,Sunday,17:06,Entry,Metrobus,38B,,StoredValue FF,-1.6,7.9,,,48,
90,13,2014-03-16 19:27:00,3,Sunday,19:27,Entry,DC Circulator,Rosslyn - Dupont,,StoredValue FF,-1.0,6.9,,,49,
91,14,2014-03-17 18:49:00,3,Monday,18:49,Entry,DC Circulator,Georgetown - Union,,StoredValue FF,-1.0,5.9,,,50,
92,15,2014-03-17 21:46:00,3,Monday,21:46,Entry,Metrobus,31,,StoredValue FF,-1.6,4.3,,,51,
93,0,2014-03-24 18:47:00,3,Monday,18:47,Entry,Metrobus,31,,StoredValue FF,-1.6,2.7,,,52,
94,1,2014-03-24 21:52:00,3,Monday,21:52,Entry,Metrobus,31,,StoredValue FF,-1.6,1.1,,,53,
95,2,2014-04-16 18:26:00,4,Wednesday,18:26,ALPO Object Unload,Metrorail,Dupont Circle,,ALP SB Trn FF,0.0,1.1,,,53,
97,3,2014-04-16 18:27:00,4,Wednesday,18:27,Sale,Metrorail,Dupont Circle,,StoredValue FF,20.0,21.1,,,53,
96,4,2014-04-16 18:27:00,4,Wednesday,18:27,Entry,Metrorail,Dupont Circle,,StoredValue FF,0.0,21.1,,,54,
98,5,2014-04-16 18:37:00,4,Wednesday,18:37,Exit,Metrorail,Dupont Circle,Gallery Place,StoredValue FF,-2.1,19.0,,,54,
99,6,2014-04-16 20:42:00,4,Wednesday,20:42,Entry,Metrorail,Gallery Place,,StoredValue FF,0.0,19.0,,,55,
100,7,2014-04-16 20:52:00,4,Wednesday,20:52,Exit,Metrorail,Gallery Place,Dupont Circle,StoredValue FF,-1.7,17.3,,,55,
101,8,2014-04-17 21:07:00,4,Thursday,21:07,Entry,Metrobus,31,,StoredValue FF,-1.6,15.7,,,56,0 days 01:59:00
102,9,2014-04-17 23:06:00,4,Thursday,23:06,Transfer,DC Circulator,Georgetown - Union,,StoredValue FF,0.0,15.7,,,56,
103,10,2014-04-18 13:50:00,4,Friday,13:50,Entry,Metrorail,McPherson Square,,StoredValue FF,0.0,15.7,,,57,
104,11,2014-04-18 14:00:00,4,Friday,14:00,Exit,Metrorail,McPherson Square,Rosslyn,StoredValue FF,-1.7,14.0,,,57,
105,12,2014-04-19 11:25:00,4,Saturday,11:25,Entry,DC Circulator,Rosslyn - Dupont,,StoredValue FF,-1.0,13.0,,,58,
106,13,2014-04-19 11:52:00,4,Saturday,11:52,Transfer,Metrorail,,Dupont Circle,StoredValue FF,0.0,13.0,,,58,
107,14,2014-04-19 12:22:00,4,Saturday,12:22,Exit,Metrorail,,Rockville,StoredValue FF,-3.0,10.0,,,58,
108,15,2014-04-19 15:36:00,4,Saturday,15:36,Entry,Metrorail,Rockville,,StoredValue FF,0.0,10.0,,,59,
109,0,2014-04-19 16:31:00,4,Saturday,16:31,Exit,Metrorail,,Dupont Circle,StoredValue FF,-3.5,6.5,,,59,
110,0,2014-04-19 16:32:00,4,Saturday,16:32,"Sale
Cancelled Trans",Metrorail,Dupont Circle,,StoredValue FF,0.0,6.5,,,59,
111,1,2014-04-19 17:53:00,4,Saturday,17:53,Entry,Metrobus,D3,,StoredValue FF,-1.6,4.9,,,60,
112,2,2014-04-28 17:50:00,4,Monday,17:50,Entry,Metrobus,31,,StoredValue FF,-1.6,3.3,,,61,
113,3,2014-04-28 21:27:00,4,Monday,21:27,Entry,Metrobus,31,,StoredValue FF,-1.6,1.7,,,62,
114,4,2014-05-10 01:10:00,5,Saturday,1:10,Entry,DC Circulator,Union - Navy,,StoredValue FF,-1.0,0.7,,,63,
115,6,2014-07-14 14:25:00,7,Monday,14:25,Entry,Metrorail,Capitol South,,StoredValue FF,0.0,20.7,,,64,
116,5,2014-07-14 14:25:00,7,Monday,14:25,Sale,Metrorail,Capitol South,,StoredValue FF,20.0,20.7,,,64,
117,7,2014-07-14 14:41:00,7,Monday,14:41,Exit,Metrorail,Capitol South,Farragut West,StoredValue FF,-1.75,18.95,,,64,
118,8,2014-07-14 15:37:00,7,Monday,15:37,Transfer,DC Circulator,Georgetown - Union,,StoredValue FF,-0.5,18.45,,,64,
119,9,2014-07-14 15:48:00,7,Monday,15:48,Transfer,DC Circulator,Georgetown - Union,,StoredValue FF,0.0,18.45,,,64,
120,10,2014-07-14 18:08:00,7,Monday,18:08,Entry,Metrobus,L2,,StoredValue FF,-1.75,16.7,,,65,
121,11,2014-07-14 21:11:00,7,Monday,21:11,Entry,Metrobus,42,,StoredValue FF,-1.75,14.95,,,66,
122,12,2014-07-15 12:35:00,7,Tuesday,12:35,Entry,Metrorail,Rosslyn,,StoredValue FF,0.0,14.95,,,67,
123,13,2014-07-15 12:50:00,7,Tuesday,12:50,Exit,Metrorail,Rosslyn,Ballston,StoredValue FF,-1.75,13.2,,,67,
124,14,2014-07-15 13:09:00,7,Tuesday,13:09,Transfer,Metrobus,22A,,StoredValue FF,-1.25,11.95,,,67,
125,15,2014-07-15 15:57:00,7,Tuesday,15:57,Entry,Metrobus,22A,,StoredValue FF,-1.75,10.2,,,68,0 days 00:11:00
126,0,2014-07-15 16:08:00,7,Tuesday,16:08,Transfer,Metrorail,,Ballston,StoredValue FF,0.0,10.2,,,68,
127,1,2014-07-15 16:20:00,7,Tuesday,16:20,Exit,Metrorail,,Rosslyn,StoredValue FF,-1.65,8.55,,,68,
128,2,2014-07-16 08:59:00,7,Wednesday,8:59,Entry,DC Circulator,Georgetown - Union,,StoredValue FF,-1.0,7.55,,,69,
129,3,2014-07-31 18:54:00,7,Thursday,18:54,Entry,Metrorail,Judiciary Square,,StoredValue FF,0.0,7.55,,,70,
130,4,2014-07-31 19:04:00,7,Thursday,19:04,Exit,Metrorail,Judiciary Square,Mt Vernon Square,StoredValue FF,-2.15,5.4,,,70,
131,5,2014-08-01 10:11:00,8,Friday,10:11,Entry,Metrorail,Rosslyn,,StoredValue FF,0.0,5.4,,,71,
132,6,2014-08-01 10:32:00,8,Friday,10:32,Exit,Metrorail,Rosslyn,Rosslyn,StoredValue FF,-1.75,3.65,,,71,
133,7,2014-08-01 13:04:00,8,Friday,13:04,Entry,Metrorail,Pentagon City,,StoredValue FF,0.0,3.65,,,72,
134,8,2014-08-01 13:32:00,8,Friday,13:32,Exit,Metrorail,Pentagon City,Union Station,StoredValue FF,-2.05,1.6,,,72,
135,9,2014-09-08 08:02:00,9,Monday,8:02,Entry,DASH Bus,2,,StoredValue FF,-1.6,0.0,,,73,
136,10,2014-09-09 08:48:00,9,Tuesday,8:48,Entry,Metrobus,7F,,StoredValue FF,-1.75,-1.75,,,74,
137,12,2014-09-09 17:54:00,9,Tuesday,17:54,Entry,Metrobus,7Y,,StoredValue FF,-1.75,2.5,,,75,
138,11,2014-09-09 17:54:00,9,Tuesday,17:54,Sale,Metrobus,7Y,,StoredValue FF,6.0,4.25,,,75,
139,13,2014-09-09 18:04:00,9,Tuesday,18:04,Directed Autoload,Metrobus,7X,,Mbus WkPass FF,0.0,2.5,,,75,
140,14,2014-09-09 18:04:00,9,Tuesday,18:04,Transfer,Metrobus,7X,,StoredValue FF,0.0,2.5,,,75,
141,15,2014-09-10 08:48:00,9,Wednesday,8:48,"Entry
Pass First Use",Metrobus,7F,,Mbus WkPass FF,0.0,2.5,,,75,
142,0,2014-09-10 18:03:00,9,Wednesday,18:03,Entry,Metrobus,7Y,,Mbus WkPass FF,0.0,2.5,,,76,
143,1,2014-09-10 18:24:00,9,Wednesday,18:24,Entry,Metrobus,7W,,Mbus WkPass FF,0.0,2.5,,,77,
144,2,2014-09-11 08:49:00,9,Thursday,8:49,Entry,Metrobus,7W,,Mbus WkPass FF,0.0,2.5,,,78,
145,3,2014-09-11 18:12:00,9,Thursday,18:12,Entry,DASH Bus,6,,Mbus WkPass FF,0.0,2.5,,,79,
146,4,2014-09-11 18:29:00,9,Thursday,18:29,Entry,Metrobus,7W,,Mbus WkPass FF,0.0,2.5,,,80,
147,5,2014-09-12 08:52:00,9,Friday,8:52,Entry,Metrobus,7F,,Mbus WkPass FF,0.0,2.5,,,81,
148,6,2014-09-12 17:08:00,9,Friday,17:08,Entry,DASH Bus,6,,Mbus WkPass FF,0.0,2.5,,,82,
149,7,2014-09-12 17:44:00,9,Friday,17:44,Entry,DASH Bus,5,,Mbus WkPass FF,0.0,2.5,,,83,
150,8,2014-09-14 11:40:00,9,Sunday,11:40,Entry,DASH Bus,1,,Mbus WkPass FF,0.0,2.5,,,84,
151,9,2014-09-14 12:17:00,9,Sunday,12:17,Entry,Metrorail,Van Dorn Street,,StoredValue FF,0.0,2.5,,,85,
152,10,2014-09-14 12:37:00,9,Sunday,12:37,Exit,Metrorail,Van Dorn Street,Franconia-Springfield,StoredValue FF,-1.85,0.65,,,85,
153,11,2014-09-14 16:54:00,9,Sunday,16:54,Entry,FFC Bus,321,,Mbus WkPass FF,0.0,0.65,,,86,
154,12,2014-09-14 17:30:00,9,Sunday,17:30,Entry,DASH Bus,1,,Mbus WkPass FF,0.0,0.65,,,87,
155,13,2014-09-16 09:18:00,9,Tuesday,9:18,Entry,Metrobus,28A,,Mbus WkPass FF,0.0,0.65,,,88,
156,14,2014-09-16 09:42:00,9,Tuesday,9:42,Entry,DASH Bus,9,,Mbus WkPass FF,0.0,0.65,,,89,
157,15,2014-09-16 17:27:00,9,Tuesday,17:27,Entry,DASH Bus,6,,Mbus WkPass FF,0.0,0.65,,,90,
158,0,2014-09-16 17:38:00,9,Tuesday,17:38,Entry,Metrobus,28A,,Mbus WkPass FF,0.0,0.65,,,91,
159,1,2014-09-17 08:50:00,9,Wednesday,8:50,Entry,Metrobus,28A,,StoredValue FF,-1.75,-1.1,,,92,0 days 00:18:00
160,2,2014-09-17 09:08:00,9,Wednesday,9:08,Transfer,DASH Bus,6,,StoredValue FF,0.0,-1.1,,,92,
161,4,2014-09-17 17:21:00,9,Wednesday,17:21,Entry,Metrorail,Pentagon,,StoredValue FF,0.0,18.9,,,93,
162,3,2014-09-17 17:21:00,9,Wednesday,17:21,Sale,Metrorail,Pentagon,,StoredValue FF,20.0,18.9,,,93,
163,5,2014-09-17 17:58:00,9,Wednesday,17:58,Exit,Metrorail,Pentagon,Rosslyn,StoredValue FF,-2.15,16.75,,,93,
164,6,2014-09-18 17:41:00,9,Thursday,17:41,Directed Autoload,Metrobus,28A,,StoredValue FF,20.0,36.75,,,93,
165,7,2014-09-18 17:41:00,9,Thursday,17:41,Setup Threshold Autoload,Metrobus,28A,,StoredValue FF,0.0,36.75,,,93,
166,8,2014-09-18 17:41:00,9,Thursday,17:41,Entry,Metrobus,28A,,StoredValue FF,-1.75,35.0,,,94,
167,9,2014-09-19 09:01:00,9,Friday,9:01,Entry,Metrobus,16A,,StoredValue FF,-1.75,33.25,,,95,0 days 00:35:00
168,10,2014-09-19 09:36:00,9,Friday,9:36,Transfer,Metrobus,7F,,StoredValue FF,0.0,33.25,,,95,
169,11,2014-09-19 17:45:00,9,Friday,17:45,Entry,Metrobus,7P,,StoredValue FF,-1.75,31.5,,,96,0 days 00:10:00
170,12,2014-09-19 17:55:00,9,Friday,17:55,Transfer,Metrobus,16X,,StoredValue FF,0.0,31.5,,,96,
171,13,2014-09-20 07:32:00,9,Saturday,7:32,Entry,Metrobus,28A,,StoredValue FF,-1.75,29.75,,,97,0 days 00:30:00
172,14,2014-09-20 08:02:00,9,Saturday,8:02,Transfer,Metrorail,,King Street,StoredValue FF,0.0,29.75,,,97,
173,15,2014-09-20 09:05:00,9,Saturday,9:05,Exit,Metrorail,,Cleveland Park,StoredValue FF,-2.95,26.8,,,97,
174,0,2014-09-20 13:34:00,9,Saturday,13:34,Entry,Metrorail,Woodley Park-Zoo,,StoredValue FF,0.0,26.8,,,98,
175,1,2014-09-20 14:00:00,9,Saturday,14:00,Exit,Metrorail,Woodley Park-Zoo,Pentagon,StoredValue FF,-2.2,24.6,,,98,
176,2,2014-09-20 14:19:00,9,Saturday,14:19,Transfer,Metrobus,16J,,StoredValue FF,-1.25,23.35,,,98,
177,3,2014-09-25 17:09:00,9,Thursday,17:09,Entry,DASH Bus,6,,StoredValue FF,-1.6,21.75,,,99,
178,4,2014-09-25 17:27:00,9,Thursday,17:27,Transfer,DASH Bus,6,,StoredValue FF,0.0,21.75,,,99,
179,5,2014-09-25 17:41:00,9,Thursday,17:41,Transfer,Metrobus,28A,,StoredValue FF,-0.15,21.6,,,99,
180,6,2014-10-01 09:17:00,10,Wednesday,9:17,Entry,Metrobus,28A,,StoredValue FF,-1.75,19.85,,,100,0 days 00:20:00
181,7,2014-10-01 09:37:00,10,Wednesday,9:37,Transfer,DASH Bus,6,,StoredValue FF,0.0,19.85,,,100,
182,8,2014-10-01 17:11:00,10,Wednesday,17:11,Entry,DASH Bus,6,,StoredValue FF,-1.6,18.25,,,101,
183,9,2014-10-01 17:17:00,10,Wednesday,17:17,Transfer,Metrobus,28A,,StoredValue FF,-0.15,18.1,,,101,
184,10,2014-10-15 09:18:00,10,Wednesday,9:18,Entry,Metrobus,28A,,StoredValue FF,-1.75,16.35,,,102,0 days 00:27:00
185,11,2014-10-15 09:45:00,10,Wednesday,9:45,Transfer,DASH Bus,9,,StoredValue FF,0.0,16.35,,,102,
186,12,2014-10-15 10:10:00,10,Wednesday,10:10,Transfer,DASH Bus,6,,StoredValue FF,0.0,16.35,,,102,
187,13,2014-10-15 17:42:00,10,Wednesday,17:42,Entry,DASH Bus,6,,StoredValue FF,-1.6,14.75,,,103,
188,14,2014-10-15 18:01:00,10,Wednesday,18:01,Transfer,Metrobus,28A,,StoredValue FF,-0.15,14.6,,,103,
189,15,2014-10-21 17:46:00,10,Tuesday,17:46,Entry,Metrobus,7P,,StoredValue FF,-1.75,12.85,,,104,
190,0,2014-10-21 21:11:00,10,Tuesday,21:11,Entry,Metrobus,16G,,StoredValue FF,-1.75,11.1,,,105,
191,1,2014-10-23 09:43:00,10,Thursday,9:43,Entry,Metrobus,28A,,StoredValue FF,-1.75,9.35,,,106,
192,2,2014-10-23 10:08:00,10,Thursday,10:08,Threshold Autoload,DASH Bus,6,,StoredValue FF,20.0,29.35,,,106,
193,3,2014-10-23 10:08:00,10,Thursday,10:08,Transfer,DASH Bus,6,,StoredValue FF,0.0,29.35,,,106,
194,4,2014-10-26 15:58:00,10,Sunday,15:58,Entry,Metrorail,Rosslyn,,StoredValue FF,0.0,29.35,,,107,
195,5,2014-10-26 16:32:00,10,Sunday,16:32,Exit,Metrorail,Rosslyn,King Street,StoredValue FF,-2.7,26.65,,,107,
196,6,2014-10-26 16:33:00,10,Sunday,16:33,Transfer,Metrobus,28A,,StoredValue FF,-1.25,25.4,,,107,
197,7,2014-11-09 11:14:00,11,Sunday,11:14,Entry,Metrobus,16P,,StoredValue FF,-1.75,23.65,,,108,0 days 00:36:00
198,8,2014-11-09 11:50:00,11,Sunday,11:50,Transfer,Metrorail,,Pentagon,StoredValue FF,0.0,23.65,,,108,
199,9,2014-11-09 12:15:00,11,Sunday,12:15,Exit,Metrorail,,L'Enfant Plaza,StoredValue FF,-1.25,22.4,,,108,
200,10,2014-11-09 15:36:00,11,Sunday,15:36,Entry,Metrorail,Gallery Place,,StoredValue FF,0.0,22.4,,,109,
201,11,2014-11-09 15:57:00,11,Sunday,15:57,Exit,Metrorail,Gallery Place,Dupont Circle,StoredValue FF,-1.75,20.65,,,109,
202,12,2014-11-09 17:21:00,11,Sunday,17:21,Transfer,DC Circulator,Georgetown - Union,,StoredValue FF,-0.5,20.15,,,109,
203,13,2014-11-09 23:13:00,11,Sunday,23:13,Entry,Metrorail,Gallery Place,,StoredValue FF,0.0,20.15,,,110,
204,14,2014-11-09 23:39:00,11,Sunday,23:39,Exit,Metrorail,Gallery Place,Pentagon,StoredValue FF,-1.75,18.4,,,110,
205,15,2014-11-09 23:59:00,11,Sunday,23:59,Transfer,Metrobus,16E,,StoredValue FF,-1.25,17.15,,,110,
206,0,2014-11-17 10:21:00,11,Monday,10:21,Entry,Metrobus,28A,,StoredValue FF,-1.75,15.4,,,111,0 days 00:18:00
207,1,2014-11-17 10:39:00,11,Monday,10:39,Transfer,DASH Bus,6,,StoredValue FF,0.0,15.4,,,111,
208,2,2014-11-22 11:24:00,11,Saturday,11:24,Entry,Metrobus,16B,,StoredValue FF,-1.75,13.65,,,112,0 days 00:38:00
209,3,2014-11-22 12:02:00,11,Saturday,12:02,Transfer,Metrorail,,Pentagon,StoredValue FF,0.0,13.65,,,112,
210,4,2014-11-22 12:26:00,11,Saturday,12:26,Exit,Metrorail,,Gallery Place,StoredValue FF,-1.25,12.4,,,112,
211,5,2014-11-22 18:47:00,11,Saturday,18:47,Entry,Metrorail,Gallery Place,,StoredValue FF,0.0,12.4,,,113,
212,6,2014-11-22 19:01:00,11,Saturday,19:01,Exit,Metrorail,Gallery Place,Pentagon,StoredValue FF,-1.75,10.65,,,113,
213,7,2014-11-22 19:15:00,11,Saturday,19:15,Transfer,Metrobus,16J,,StoredValue FF,-1.25,9.4,,,113,
214,8,2014-11-26 16:05:00,11,Wednesday,16:05,Threshold Autoload,Metrobus,7P,,StoredValue FF,20.0,29.4,,,113,
215,9,2014-11-26 16:05:00,11,Wednesday,16:05,Entry,Metrobus,7P,,StoredValue FF,-1.75,27.65,,,114,0 days 00:11:00
216,10,2014-11-26 16:16:00,11,Wednesday,16:16,Transfer,Metrorail,,Pentagon,StoredValue FF,0.0,27.65,,,114,
217,11,2014-11-26 16:34:00,11,Wednesday,16:34,Exit,Metrorail,,Union Station,StoredValue FF,-1.9,25.75,,,114,
218,12,2014-11-30 18:02:00,11,Sunday,18:02,Entry,Metrorail,Union Station,,StoredValue FF,0.0,25.75,,,115,
219,13,2014-11-30 18:32:00,11,Sunday,18:32,Exit,Metrorail,Union Station,Pentagon,StoredValue FF,-1.95,23.8,,,115,
220,14,2014-11-30 18:58:00,11,Sunday,18:58,Transfer,Metrobus,16B,,StoredValue FF,-1.25,22.55,,,115,
221,15,2014-12-09 16:56:00,12,Tuesday,16:56,Entry,DASH Bus,6,,StoredValue FF,-1.6,20.95,,,116,
222,0,2014-12-09 17:10:00,12,Tuesday,17:10,Transfer,Metrobus,28A,,StoredValue FF,-0.15,20.8,,,116,
223,1,2014-12-13 12:24:00,12,Saturday,12:24,Entry,Metrobus,16B,,StoredValue FF,-1.75,19.05,,,117,0 days 00:34:00
224,2,2014-12-13 12:58:00,12,Saturday,12:58,Transfer,Metrorail,,Pentagon,StoredValue FF,0.0,19.05,,,117,
225,3,2014-12-13 13:21:00,12,Saturday,13:21,Exit,Metrorail,,Smithsonian,StoredValue FF,-1.25,17.8,,,117,
226,4,2014-12-13 23:56:00,12,Saturday,23:56,Entry,Metrorail,Mt Vernon Square,,StoredValue FF,0.0,17.8,,,118,
227,5,2014-12-14 00:14:00,12,Sunday,0:14,Exit,Metrorail,Mt Vernon Square,Pentagon,StoredValue FF,-1.85,15.95,,,118,
228,6,2014-12-14 00:36:00,12,Sunday,0:36,Transfer,Metrobus,16E,,StoredValue FF,-1.25,14.7,,,118,
229,7,2014-12-22 19:07:00,12,Monday,19:07,Entry,DASH Bus,6,,StoredValue FF,-1.6,13.1,,,119,
230,8,2014-12-22 19:23:00,12,Monday,19:23,Transfer,Metrobus,28A,,StoredValue FF,-0.15,12.95,,,119,
231,9,2014-12-24 13:42:00,12,Wednesday,13:42,Entry,Metrobus,7A,,StoredValue FF,-1.75,11.2,,,120,0 days 00:13:00
232,10,2014-12-24 13:55:00,12,Wednesday,13:55,Transfer,Metrorail,,Pentagon,StoredValue FF,0.0,11.2,,,120,
233,11,2014-12-24 14:22:00,12,Wednesday,14:22,Exit,Metrorail,,Union Station,StoredValue FF,-1.45,9.75,,,120,
234,12,2015-01-04 15:05:00,1,Sunday,15:05,Threshold Autoload,Metrorail,Union Station,,StoredValue FF,20.0,29.75,,,120,
235,13,2015-01-04 15:05:00,1,Sunday,15:05,Entry,Metrorail,Union Station,,StoredValue FF,0.0,29.75,,,121,
236,14,2015-01-04 15:48:00,1,Sunday,15:48,Exit,Metrorail,Union Station,Pentagon,StoredValue FF,-1.95,27.8,,,121,
237,15,2015-01-04 16:01:00,1,Sunday,16:01,Transfer,Metrobus,16B,,StoredValue FF,-1.25,26.55,,,121,
238,0,2015-01-06 16:54:00,1,Tuesday,16:54,Entry,DASH Bus,6,,StoredValue FF,-1.6,24.95,,,122,
239,1,2015-01-06 17:08:00,1,Tuesday,17:08,Transfer,Metrobus,28A,,StoredValue FF,-0.15,24.8,,,122,
240,2,2015-01-07 17:26:00,1,Wednesday,17:26,Entry,DASH Bus,6,,StoredValue FF,-1.6,23.2,,,123,
241,3,2015-01-07 17:45:00,1,Wednesday,17:45,Transfer,Metrobus,28A,,StoredValue FF,-0.15,23.05,,,123,
242,4,2015-01-11 15:10:00,1,Sunday,15:10,Entry,Metrorail,Vienna,,StoredValue FF,0.0,23.05,,,124,
243,5,2015-01-11 15:55:00,1,Sunday,15:55,Exit,Metrorail,Vienna,Pentagon,StoredValue FF,-3.6,19.45,,,124,
244,6,2015-01-11 16:00:00,1,Sunday,16:00,Transfer,Metrobus,16B,,StoredValue FF,-1.25,18.2,,,124,
245,7,2015-01-13 19:26:00,1,Tuesday,19:26,Entry,DASH Bus,6,,StoredValue FF,-1.6,16.6,,,125,
246,8,2015-01-13 19:39:00,1,Tuesday,19:39,Transfer,Metrobus,28A,,StoredValue FF,-0.15,16.45,,,125,
247,9,2015-01-14 18:12:00,1,Wednesday,18:12,Entry,DASH Bus,6,,StoredValue FF,-1.6,14.85,,,126,
248,10,2015-01-15 16:54:00,1,Thursday,16:54,Entry,DASH Bus,6,,StoredValue FF,-1.6,13.25,,,127,
249,11,2015-01-15 17:12:00,1,Thursday,17:12,Transfer,Metrobus,28A,,StoredValue FF,-0.15,13.1,,,127,
250,12,2015-01-20 17:42:00,1,Tuesday,17:42,Entry,DASH Bus,6,,StoredValue FF,-1.6,11.5,,,128,
251,13,2015-01-22 16:54:00,1,Thursday,16:54,Entry,DASH Bus,6,,StoredValue FF,-1.6,9.9,,,129,
252,14,2015-01-22 17:04:00,1,Thursday,17:04,Threshold Autoload,Metrobus,28A,,StoredValue FF,20.0,29.9,,,129,
253,15,2015-01-22 17:04:00,1,Thursday,17:04,Transfer,Metrobus,28A,,StoredValue FF,-0.15,29.75,,,129,
254,0,2015-01-23 21:17:00,1,Friday,21:17,Entry,Metrobus,16A,,StoredValue FF,-1.75,28.0,,,130,0 days 00:25:00
255,1,2015-01-23 21:42:00,1,Friday,21:42,Transfer,Metrorail,,Pentagon,StoredValue FF,0.0,28.0,,,130,
256,2,2015-01-23 22:01:00,1,Friday,22:01,Exit,Metrorail,,Farragut West,StoredValue FF,-1.3,26.7,,,130,
257,3,2015-01-23 22:11:00,1,Friday,22:11,Transfer,Metrobus,42,,StoredValue FF,0.0,26.7,,,130,
258,4,2015-01-24 11:22:00,1,Saturday,11:22,Entry,Metrobus,42,,StoredValue FF,-1.75,24.95,,,131,
259,5,2015-01-24 14:36:00,1,Saturday,14:36,Entry,Metrorail,L'Enfant Plaza,,StoredValue FF,0.0,24.95,,,132,
260,6,2015-01-24 14:58:00,1,Saturday,14:58,Exit,Metrorail,L'Enfant Plaza,Pentagon,StoredValue FF,-1.75,23.2,,,132,
261,7,2015-01-24 15:01:00,1,Saturday,15:01,Transfer,Metrobus,16B,,StoredValue FF,-1.25,21.95,,,132,
262,8,2015-01-25 11:13:00,1,Sunday,11:13,Entry,Metrobus,16P,,StoredValue FF,-1.75,20.2,,,133,0 days 00:28:00
263,9,2015-01-25 11:41:00,1,Sunday,11:41,Transfer,Metrorail,,Pentagon,StoredValue FF,0.0,20.2,,,133,
264,10,2015-01-25 12:04:00,1,Sunday,12:04,Exit,Metrorail,,Rosslyn,StoredValue FF,-1.25,18.95,,,133,
265,11,2015-01-25 12:13:00,1,Sunday,12:13,Transfer,DC Circulator,Rosslyn - Dupont,,StoredValue FF,0.0,18.95,,,133,
266,12,2015-01-25 12:46:00,1,Sunday,12:46,Transfer,DC Circulator,Georgetown - Union,,StoredValue FF,0.0,18.95,,,133,
267,13,2015-01-25 13:05:00,1,Sunday,13:05,Transfer,Metrorail,,Farragut West,StoredValue FF,0.0,18.95,,,133,
268,14,2015-01-25 13:26:00,1,Sunday,13:26,Exit,Metrorail,,L'Enfant Plaza,StoredValue FF,-1.25,17.7,,,133,
269,15,2015-01-25 15:15:00,1,Sunday,15:15,Entry,Metrorail,L'Enfant Plaza,,StoredValue FF,0.0,17.7,,,134,
270,0,2015-01-25 15:33:00,1,Sunday,15:33,Exit,Metrorail,,Pentagon,StoredValue FF,-1.75,15.95,,,134,
271,1,2015-01-25 16:02:00,1,Sunday,16:02,Transfer,Metrobus,16B,,StoredValue FF,-1.25,14.7,,,134,
272,2,2015-01-27 17:08:00,1,Tuesday,17:08,Entry,DASH Bus,6,,StoredValue FF,-1.6,13.1,,,135,
273,3,2015-01-27 17:38:00,1,Tuesday,17:38,Transfer,Metrobus,28A,,StoredValue FF,-0.15,12.95,,,135,
274,4,2015-01-28 17:40:00,1,Wednesday,17:40,Entry,DASH Bus,6,,StoredValue FF,-1.6,11.35,,,136,
275,5,2015-01-29 17:07:00,1,Thursday,17:07,Entry,DASH Bus,6,,StoredValue FF,-1.6,9.75,,,137,
276,6,2015-01-29 17:24:00,1,Thursday,17:24,Threshold Autoload,Metrobus,28A,,StoredValue FF,20.0,29.75,,,137,
277,7,2015-01-29 17:24:00,1,Thursday,17:24,Transfer,Metrobus,28A,,StoredValue FF,-0.15,29.6,,,137,
278,8,2015-01-30 16:46:00,1,Friday,16:46,Entry,DASH Bus,6,,StoredValue FF,-1.6,28.0,,,138,
279,9,2015-01-30 17:10:00,1,Friday,17:10,Transfer,Metrobus,28A,,StoredValue FF,-0.15,27.85,,,138,
280,10,2015-01-30 20:31:00,1,Friday,20:31,Entry,Metrobus,16A,,StoredValue FF,-1.75,26.1,,,139,0 days 00:23:00
281,11,2015-01-30 20:54:00,1,Friday,20:54,Transfer,Metrorail,,Pentagon,StoredValue FF,0.0,26.1,,,139,
282,12,2015-01-30 21:24:00,1,Friday,21:24,Exit,Metrorail,,Dupont Circle,StoredValue FF,-1.45,24.65,,,139,
283,13,2015-01-31 01:30:00,1,Saturday,1:30,Entry,Metrorail,Foggy Bottom,,StoredValue FF,0.0,24.65,,,140,
284,14,2015-01-31 01:46:00,1,Saturday,1:46,Exit,Metrorail,Foggy Bottom,Pentagon,StoredValue FF,-2.15,22.5,,,140,
285,15,2015-01-31 16:59:00,1,Saturday,16:59,Entry,Metrobus,16B,,StoredValue FF,-1.75,20.75,,,141,0 days 00:36:00
286,0,2015-01-31 17:35:00,1,Saturday,17:35,Transfer,Metrorail,,Pentagon,StoredValue FF,0.0,20.75,,,141,
287,1,2015-01-31 17:52:00,1,Saturday,17:52,Exit,Metrorail,,Mt Vernon Square,StoredValue FF,-1.35,19.4,,,141,
288,2,2015-01-31 21:47:00,1,Saturday,21:47,Entry,Metrorail,Gallery Place,,StoredValue FF,0.0,19.4,,,142,
289,3,2015-01-31 22:02:00,1,Saturday,22:02,Exit,Metrorail,Gallery Place,Pentagon,StoredValue FF,-1.75,17.65,,,142,
290,4,2015-01-31 22:35:00,1,Saturday,22:35,Transfer,Metrobus,16B,,StoredValue FF,-1.25,16.4,,,142,
291,5,2015-02-01 16:49:00,2,Sunday,16:49,Entry,Metrobus,16B,,StoredValue FF,-1.75,14.65,,,143,0 days 00:38:00
292,6,2015-02-01 17:27:00,2,Sunday,17:27,Transfer,Metrorail,,Pentagon,StoredValue FF,0.0,14.65,,,143,
293,7,2015-02-01 17:50:00,2,Sunday,17:50,Exit,Metrorail,,New York Ave,StoredValue FF,-1.6,13.05,,,143,
294,8,2015-02-01 23:02:00,2,Sunday,23:02,Entry,Metrorail,New York Ave,,StoredValue FF,0.0,13.05,,,144,
295,9,2015-02-02 00:17:00,2,Monday,0:17,Exit,Metrorail,New York Ave,Pentagon,StoredValue FF,-2.1,10.95,,,144,
296,10,2015-02-02 00:29:00,2,Monday,0:29,Transfer,Metrobus,16E,,StoredValue FF,-1.25,9.7,,,144,
297,11,2015-02-03 17:24:00,2,Tuesday,17:24,Threshold Autoload,DASH Bus,6,,StoredValue FF,20.0,29.7,,,144,
298,12,2015-02-03 17:24:00,2,Tuesday,17:24,Entry,DASH Bus,6,,StoredValue FF,-1.6,28.1,,,145,
299,13,2015-02-03 17:40:00,2,Tuesday,17:40,Transfer,Metrobus,28A,,StoredValue FF,-0.15,27.95,,,145,
300,14,2015-02-04 17:10:00,2,Wednesday,17:10,Entry,DASH Bus,6,,StoredValue FF,-1.6,26.35,,,146,
301,15,2015-02-04 17:43:00,2,Wednesday,17:43,Transfer,Metrobus,28A,,StoredValue FF,-0.15,26.2,,,146,
302,0,2015-02-05 17:08:00,2,Thursday,17:08,Entry,DASH Bus,6,,StoredValue FF,-1.6,24.6,,,147,
303,1,2015-02-05 17:48:00,2,Thursday,17:48,Transfer,Metrobus,28A,,StoredValue FF,-0.15,24.45,,,147,
304,2,2015-02-06 17:07:00,2,Friday,17:07,Entry,DASH Bus,6,,StoredValue FF,-1.6,22.85,,,148,
305,3,2015-02-06 17:23:00,2,Friday,17:23,Transfer,Metrobus,28X,,StoredValue FF,-0.15,22.7,,,148,
306,4,2015-02-09 17:54:00,2,Monday,17:54,Entry,DASH Bus,6,,StoredValue FF,-1.6,21.1,,,149,
307,5,2015-02-09 18:16:00,2,Monday,18:16,Transfer,Metrobus,28A,,StoredValue FF,-0.15,20.95,,,149,
308,6,2015-02-10 17:10:00,2,Tuesday,17:10,Entry,DASH Bus,6,,StoredValue FF,-1.6,19.35,,,150,
309,7,2015-02-10 17:20:00,2,Tuesday,17:20,Transfer,Metrobus,28A,,StoredValue FF,-0.15,19.2,,,150,
310,8,2015-02-14 17:36:00,2,Saturday,17:36,Entry,Metrobus,16B,,StoredValue FF,-1.75,17.45,,,151,0 days 00:28:00
311,9,2015-02-14 18:04:00,2,Saturday,18:04,Transfer,Metrorail,,Pentagon,StoredValue FF,0.0,17.45,,,151,
312,10,2015-02-14 18:21:00,2,Saturday,18:21,Exit,Metrorail,,Farragut West,StoredValue FF,-1.3,16.15,,,151,
313,11,2015-02-14 18:32:00,2,Saturday,18:32,Transfer,Metrobus,L3,,StoredValue FF,0.0,16.15,,,151,
314,12,2015-02-15 10:01:00,2,Sunday,10:01,Entry,Metrobus,30S,,StoredValue FF,-1.75,14.4,,,152,0 days 00:17:00
315,13,2015-02-15 10:18:00,2,Sunday,10:18,Transfer,Metrorail,,Farragut West,StoredValue FF,0.0,14.4,,,152,
316,14,2015-02-15 10:55:00,2,Sunday,10:55,Exit,Metrorail,,Pentagon,StoredValue FF,-1.3,13.1,,,152,
317,15,2015-02-15 10:57:00,2,Sunday,10:57,Transfer,Metrobus,16P,,StoredValue FF,0.0,13.1,,,152,
318,0,2015-02-18 17:08:00,2,Wednesday,17:08,Entry,DASH Bus,6,,StoredValue FF,-1.6,11.5,,,153,
319,1,2015-02-18 17:20:00,2,Wednesday,17:20,Transfer,Metrobus,28A,,StoredValue FF,-0.15,11.35,,,153,
320,2,2015-02-18 20:02:00,2,Wednesday,20:02,Entry,Metrobus,28A,,StoredValue FF,-1.75,9.6,,,154,
321,3,2015-02-24 17:49:00,2,Tuesday,17:49,Threshold Autoload,Metrobus,7P,,StoredValue FF,20.0,29.6,,,154,
322,4,2015-02-24 17:49:00,2,Tuesday,17:49,Entry,Metrobus,7P,,StoredValue FF,-1.75,27.85,,,155,0 days 00:10:00
323,5,2015-02-24 17:59:00,2,Tuesday,17:59,Transfer,Metrorail,,Pentagon,StoredValue FF,0.0,27.85,,,155,
324,6,2015-02-24 18:35:00,2,Tuesday,18:35,Exit,Metrorail,,Gallery Place,StoredValue FF,-1.65,26.2,,,155,
325,7,2015-02-24 21:48:00,2,Tuesday,21:48,Entry,Metrorail,Gallery Place,,StoredValue FF,0.0,26.2,,,156,
326,8,2015-02-24 21:58:00,2,Tuesday,21:58,Exit,Metrorail,Gallery Place,Pentagon,StoredValue FF,-1.75,24.45,,,156,
327,9,2015-02-24 22:04:00,2,Tuesday,22:04,Transfer,Metrobus,16B,,StoredValue FF,-1.25,23.2,,,156,
328,10,2015-02-25 17:04:00,2,Wednesday,17:04,Entry,Metrobus,7P,,StoredValue FF,-1.75,21.45,,,157,0 days 00:12:00
329,11,2015-02-25 17:16:00,2,Wednesday,17:16,Transfer,Metrorail,,Pentagon,StoredValue FF,0.0,21.45,,,157,
330,12,2015-02-25 17:32:00,2,Wednesday,17:32,Exit,Metrorail,,Foggy Bottom,StoredValue FF,-1.65,19.8,,,157,
331,13,2015-02-25 21:41:00,2,Wednesday,21:41,Entry,Metrorail,Foggy Bottom,,StoredValue FF,0.0,19.8,,,158,
332,14,2015-02-25 22:17:00,2,Wednesday,22:17,Exit,Metrorail,Foggy Bottom,Pentagon,StoredValue FF,-1.75,18.05,,,158,
333,15,2015-02-25 22:19:00,2,Wednesday,22:19,Transfer,Metrobus,16A,,StoredValue FF,-1.25,16.8,,,158,
334,0,2015-03-04 18:04:00,3,Wednesday,18:04,Entry,DASH Bus,6,,StoredValue FF,-1.6,15.2,,,159,
335,1,2015-03-04 18:11:00,3,Wednesday,18:11,Transfer,Metrobus,28A,,StoredValue FF,-0.15,15.05,,,159,
336,2,2015-03-10 18:45:00,3,Tuesday,18:45,Entry,DASH Bus,6,,StoredValue FF,-1.6,13.45,,,160,
337,3,2015-03-10 18:56:00,3,Tuesday,18:56,Transfer,Metrobus,28A,,StoredValue FF,-0.15,13.3,,,160,
338,4,2015-03-15 12:14:00,3,Sunday,12:14,Entry,Metrobus,28A,,StoredValue FF,-1.75,11.55,,,161,
339,5,2015-03-15 16:15:00,3,Sunday,16:15,Entry,Metrobus,28A,,StoredValue FF,-1.75,9.8,,,162,
340,6,2015-03-20 18:53:00,3,Friday,18:53,Threshold Autoload,DASH Bus,6,,StoredValue FF,20.0,29.8,,,162,
341,7,2015-03-20 18:53:00,3,Friday,18:53,Entry,DASH Bus,6,,StoredValue FF,-1.6,28.2,,,163,
342,8,2015-03-20 19:19:00,3,Friday,19:19,Transfer,Metrobus,28A,,StoredValue FF,-0.15,28.05,,,163,
343,9,2015-03-21 16:11:00,3,Saturday,16:11,Entry,Metrobus,16J,,StoredValue FF,-1.75,26.3,,,164,0 days 00:33:00
344,10,2015-03-21 16:44:00,3,Saturday,16:44,Transfer,Metrorail,,Pentagon,StoredValue FF,0.0,26.3,,,164,
345,11,2015-03-21 17:15:00,3,Saturday,17:15,Exit,Metrorail,,Archives,StoredValue FF,-1.25,25.05,,,164,
346,12,2015-03-21 18:55:00,3,Saturday,18:55,Entry,Metrorail,Archives,,StoredValue FF,0.0,25.05,,,165,
347,13,2015-03-21 19:26:00,3,Saturday,19:26,Exit,Metrorail,Archives,Crystal City,StoredValue FF,-1.9,23.15,,,165,
348,14,2015-03-21 22:53:00,3,Saturday,22:53,Entry,Metrorail,Crystal City,,StoredValue FF,0.0,23.15,,,166,
349,15,2015-03-21 23:16:00,3,Saturday,23:16,Exit,Metrorail,Crystal City,Pentagon,StoredValue FF,-1.75,21.4,,,166,
350,0,2015-03-21 23:23:00,3,Saturday,23:23,Transfer,Metrobus,16E,,StoredValue FF,-1.25,20.15,,,166,
351,1,2015-03-26 21:44:00,3,Thursday,21:44,Entry,Metrorail,Rosslyn,,StoredValue FF,0.0,20.15,,,167,
352,2,2015-03-26 22:00:00,3,Thursday,22:00,Exit,Metrorail,Rosslyn,Pentagon,StoredValue FF,-1.75,18.4,,,167,
353,3,2015-03-26 22:03:00,3,Thursday,22:03,Transfer,Metrobus,16B,,StoredValue FF,-1.25,17.15,,,167,
354,4,2015-04-03 15:22:00,4,Friday,15:22,Entry,DASH Bus,6,,StoredValue FF,-1.6,15.55,,,168,
355,5,2015-04-03 15:33:00,4,Friday,15:33,Transfer,Metrobus,28A,,StoredValue FF,-0.15,15.4,,,168,
356,6,2015-04-04 07:31:00,4,Saturday,7:31,Entry,Metrobus,16J,,StoredValue FF,-1.75,13.65,,,169,0 days 00:29:00
357,7,2015-04-04 08:00:00,4,Saturday,8:00,Transfer,Metrorail,,Pentagon,StoredValue FF,0.0,13.65,,,169,
358,8,2015-04-04 08:30:00,4,Saturday,8:30,Exit,Metrorail,,Union Station,StoredValue FF,-1.45,12.2,,,169,
359,9,2015-04-04 22:07:00,4,Saturday,22:07,Entry,Metrorail,Union Station,,StoredValue FF,0.0,12.2,,,170,
360,10,2015-04-04 22:33:00,4,Saturday,22:33,Exit,Metrorail,Union Station,Pentagon,StoredValue FF,-1.95,10.25,,,170,
361,11,2015-04-04 22:45:00,4,Saturday,22:45,Transfer,Metrobus,16J,,StoredValue FF,-1.25,9.0,,,170,
362,12,2015-04-09 21:52:00,4,Thursday,21:52,Threshold Autoload,Metrobus,28A,,StoredValue FF,20.0,29.0,,,170,
363,13,2015-04-09 21:52:00,4,Thursday,21:52,Entry,Metrobus,28A,,StoredValue FF,-1.75,27.25,,,171,
364,14,2015-04-11 14:02:00,4,Saturday,14:02,Entry,Metrorail,King Street,,StoredValue FF,0.0,27.25,,,172,
365,15,2015-04-11 14:29:00,4,Saturday,14:29,Exit,Metrorail,King Street,Foggy Bottom,StoredValue FF,-2.9,24.35,,,172,
366,0,2015-04-11 18:54:00,4,Saturday,18:54,Entry,Metrorail,Smithsonian,,StoredValue FF,0.0,24.35,,,173,
367,1,2015-04-11 19:48:00,4,Saturday,19:48,Exit,Metrorail,Smithsonian,King Street,StoredValue FF,-2.75,21.6,,,173,
368,2,2015-04-12 11:14:00,4,Sunday,11:14,Entry,Metrorail,Pentagon,,StoredValue FF,0.0,21.6,,,174,
369,3,2015-04-12 11:36:00,4,Sunday,11:36,Exit,Metrorail,Pentagon,Archives,StoredValue FF,-1.75,19.85,,,174,
370,4,2015-04-14 17:24:00,4,Tuesday,17:24,Entry,DASH Bus,6,,StoredValue FF,-1.6,18.25,,,175,
371,5,2015-04-14 17:53:00,4,Tuesday,17:53,Transfer,Metrobus,28A,,StoredValue FF,-0.15,18.1,,,175,
372,6,2015-04-18 12:36:00,4,Saturday,12:36,Entry,Metrobus,16B,,StoredValue FF,-1.75,16.35,,,176,0 days 00:30:00
373,7,2015-04-18 13:06:00,4,Saturday,13:06,Transfer,Metrorail,,Pentagon,StoredValue FF,0.0,16.35,,,176,
374,8,2015-04-18 13:19:00,4,Saturday,13:19,Exit,Metrorail,,Foggy Bottom,StoredValue FF,-1.25,15.1,,,176,
375,9,2015-04-18 21:59:00,4,Saturday,21:59,Entry,DC Circulator,Rosslyn - Dupont,,StoredValue FF,-1.0,14.1,,,177,
376,10,2015-04-19 01:46:00,4,Sunday,1:46,Entry,Metrorail,Foggy Bottom,,StoredValue FF,0.0,14.1,,,178,
377,11,2015-04-19 02:03:00,4,Sunday,2:03,Exit,Metrorail,Foggy Bottom,Pentagon,StoredValue FF,-2.15,11.95,,,178,
378,12,2015-04-19 02:13:00,4,Sunday,2:13,Transfer,Metrobus,16E,,StoredValue FF,-1.25,10.7,,,178,
379,13,2015-04-25 11:40:00,4,Saturday,11:40,Entry,Metrobus,16J,,StoredValue FF,-1.75,8.95,,,179,0 days 00:30:00
381,14,2015-04-25 12:10:00,4,Saturday,12:10,Threshold Autoload,Metrorail,Pentagon,,StoredValue FF,20.0,28.95,,,179,
380,15,2015-04-25 12:10:00,4,Saturday,12:10,Transfer,Metrorail,,Pentagon,StoredValue FF,0.0,28.95,,,179,
382,0,2015-04-25 12:26:00,4,Saturday,12:26,Exit,Metrorail,,Gallery Place,StoredValue FF,-1.25,27.7,,,179,
383,1,2015-04-25 16:28:00,4,Saturday,16:28,Entry,Metrorail,Gallery Place,,StoredValue FF,0.0,27.7,,,180,
384,2,2015-04-25 16:45:00,4,Saturday,16:45,Exit,Metrorail,Gallery Place,Pentagon,StoredValue FF,-1.75,25.95,,,180,
385,3,2015-04-25 17:02:00,4,Saturday,17:02,Transfer,Metrobus,16B,,StoredValue FF,-1.25,24.7,,,180,
386,4,2015-05-02 21:06:00,5,Saturday,21:06,Entry,Metrobus,16B,,StoredValue FF,-1.75,22.95,,,181,0 days 00:28:00
387,5,2015-05-02 21:34:00,5,Saturday,21:34,Transfer,Metrorail,,Pentagon,StoredValue FF,0.0,22.95,,,181,
388,6,2015-05-02 22:07:00,5,Saturday,22:07,Exit,Metrorail,,Woodley Park-Zoo,StoredValue FF,-1.7,21.25,,,181,
389,7,2015-05-02 22:11:00,5,Saturday,22:11,Transfer,DC Circulator,Woodley - AdMo,,StoredValue FF,0.0,21.25,,,181,
390,8,2015-05-03 10:02:00,5,Sunday,10:02,Entry,Metrobus,L4,,StoredValue FF,-1.75,19.5,,,182,0 days 00:13:00
391,9,2015-05-03 10:15:00,5,Sunday,10:15,Transfer,Metrorail,,Farragut West,StoredValue FF,0.0,19.5,,,182,
392,10,2015-05-03 10:47:00,5,Sunday,10:47,Exit,Metrorail,,Pentagon,StoredValue FF,-1.3,18.2,,,182,
393,11,2015-05-03 11:00:00,5,Sunday,11:00,Transfer,Metrobus,16P,,StoredValue FF,0.0,18.2,,,182,
394,12,2015-05-06 17:06:00,5,Wednesday,17:06,Entry,Metrobus,7P,,StoredValue FF,-1.75,16.45,,,183,0 days 00:11:00
395,13,2015-05-06 17:17:00,5,Wednesday,17:17,Transfer,Metrorail,,Pentagon,StoredValue FF,0.0,16.45,,,183,
396,14,2015-05-06 17:59:00,5,Wednesday,17:59,Exit,Metrorail,,Vienna,StoredValue FF,-4.65,11.8,,,183,
397,15,2015-05-06 18:00:00,5,Wednesday,18:00,Transfer,FFC Bus,623,,StoredValue FF,0.0,11.8,,,183,
398,0,2015-05-08 11:19:00,5,Friday,11:19,Entry,Metrobus,7F,,StoredValue FF,-1.75,10.05,,,184,0 days 00:13:00
399,1,2015-05-08 11:32:00,5,Friday,11:32,Transfer,Metrorail,,Pentagon,StoredValue FF,0.0,10.05,,,184,
400,2,2015-05-08 11:46:00,5,Friday,11:46,Exit,Metrorail,,Archives,StoredValue FF,-1.25,8.8,,,184,
401,4,2015-05-08 13:06:00,5,Friday,13:06,Transfer,Metrorail,,L'Enfant Plaza,StoredValue FF,0.0,28.8,,,184,
402,3,2015-05-08 13:06:00,5,Friday,13:06,Threshold Autoload,Metrorail,L'Enfant Plaza,,StoredValue FF,20.0,28.8,,,184,
403,5,2015-05-08 13:21:00,5,Friday,13:21,Exit,Metrorail,,Pentagon,StoredValue FF,-1.25,27.55,,,184,
404,6,2015-05-08 13:25:00,5,Friday,13:25,Entry,Metrobus,7F,,StoredValue FF,-1.75,25.8,,,185,
405,7,2015-05-13 17:04:00,5,Wednesday,17:04,Entry,Metrobus,7P,,StoredValue FF,-1.75,24.05,,,186,0 days 00:14:00
406,8,2015-05-13 17:18:00,5,Wednesday,17:18,Transfer,Metrorail,,Pentagon,StoredValue FF,0.0,24.05,,,186,
407,9,2015-05-13 17:58:00,5,Wednesday,17:58,Exit,Metrorail,,Vienna,StoredValue FF,-4.65,19.4,,,186,
408,10,2015-05-13 18:03:00,5,Wednesday,18:03,Transfer,Metrobus,2B,,StoredValue FF,0.0,19.4,,,186,
409,11,2015-05-20 17:07:00,5,Wednesday,17:07,Entry,Metrobus,7P,,StoredValue FF,-1.75,17.65,,,187,0 days 00:09:00
410,12,2015-05-20 17:16:00,5,Wednesday,17:16,Transfer,Metrorail,,Pentagon,StoredValue FF,0.0,17.65,,,187,
411,13,2015-05-20 17:58:00,5,Wednesday,17:58,Exit,Metrorail,,Vienna,StoredValue FF,-4.65,13.0,,,187,
412,14,2015-05-20 18:00:00,5,Wednesday,18:00,Transfer,FFC Bus,623,,StoredValue FF,0.0,13.0,,,187,
413,15,2015-05-21 17:07:00,5,Thursday,17:07,Entry,Metrobus,7P,,StoredValue FF,-1.75,11.25,,,188,0 days 00:10:00
414,0,2015-05-21 17:17:00,5,Thursday,17:17,Transfer,Metrorail,,Pentagon,StoredValue FF,0.0,11.25,,,188,
415,1,2015-05-21 17:31:00,5,Thursday,17:31,Exit,Metrorail,,Gallery Place,StoredValue FF,-1.65,9.6,,,188,
416,4,2015-05-21 21:35:00,5,Thursday,21:35,Exit,Metrorail,,Pentagon,StoredValue FF,-1.75,27.85,,,188,
417,5,2015-05-21 21:40:00,5,Thursday,21:40,Transfer,Metrobus,16A,,StoredValue FF,-1.25,26.6,,,188,
418,6,2015-05-28 21:34:00,5,Thursday,21:34,Entry,Metrorail,Foggy Bottom,,StoredValue FF,0.0,26.6,,,189,
419,7,2015-05-28 21:48:00,5,Thursday,21:48,Exit,Metrorail,Foggy Bottom,Pentagon,StoredValue FF,-1.75,24.85,,,189,
420,8,2015-05-28 21:58:00,5,Thursday,21:58,Transfer,Metrobus,7A,,StoredValue FF,-1.25,23.6,,,189,
421,9,2015-05-30 06:33:00,5,Saturday,6:33,Entry,Metrobus,16B,,StoredValue FF,-1.75,21.85,,,190,
422,10,2015-06-01 12:02:00,6,Monday,12:02,Entry,FFC Bus,306,,StoredValue FF,-1.75,20.1,,,191,
423,11,2015-06-01 16:10:00,6,Monday,16:10,Entry,Metrobus,29K,,StoredValue FF,-1.75,18.35,,,192,
424,12,2015-06-12 14:18:00,6,Friday,14:18,Entry,Metrobus,28A,,StoredValue FF,-1.75,16.6,,,193,
425,13,2015-06-12 18:59:00,6,Friday,18:59,Entry,Metrobus,28A,,StoredValue FF,-1.75,14.85,,,194,
426,14,2015-06-13 07:15:00,6,Saturday,7:15,Entry,Metrobus,16B,,StoredValue FF,-1.75,13.1,,,195,0 days 00:32:00
427,15,2015-06-13 07:47:00,6,Saturday,7:47,Transfer,Metrorail,,Pentagon,StoredValue FF,0.0,13.1,,,195,
428,0,2015-06-13 08:18:00,6,Saturday,8:18,Exit,Metrorail,,Union Station,StoredValue FF,-1.45,11.65,,,195,
429,1,2015-06-14 13:47:00,6,Sunday,13:47,Entry,Metrobus,B30,,StoredValue FF,-7.0,4.65,,,196,
430,2,2015-06-14 14:18:00,6,Sunday,14:18,Threshold Autoload,Metrobus,Northern,,StoredValue FF,20.0,24.65,,,196,
431,3,2015-06-14 14:32:00,6,Sunday,14:32,Transfer,Metrorail,,College Park,StoredValue FF,0.0,24.65,,,196,
432,4,2015-06-14 15:18:00,6,Sunday,15:18,Exit,Metrorail,,Pentagon,StoredValue FF,-3.1,21.55,,,196,
433,5,2015-06-14 15:38:00,6,Sunday,15:38,Transfer,Metrobus,16P,,StoredValue FF,0.0,21.55,,,196,
434,6,2015-06-19 20:50:00,6,Friday,20:50,Entry,Metrobus,28A,,StoredValue FF,-1.75,19.8,,,197,
435,7,2015-06-25 17:08:00,6,Thursday,17:08,Entry,Metrobus,7P,,StoredValue FF,-1.75,18.05,,,198,0 days 00:11:00
436,8,2015-06-25 17:19:00,6,Thursday,17:19,Transfer,Metrorail,,Pentagon,StoredValue FF,0.0,18.05,,,198,
437,9,2015-06-25 18:23:00,6,Thursday,18:23,Exit,Metrorail,,Vienna,StoredValue FF,-4.65,13.4,,,198,
438,10,2015-06-25 18:35:00,6,Thursday,18:35,Transfer,FFC Bus,623,,StoredValue FF,0.0,13.4,,,198,
439,11,2015-06-25 22:14:00,6,Thursday,22:14,Entry,Metrorail,Franconia-Springfield,,StoredValue FF,0.0,13.4,,,199,
440,12,2015-06-25 22:50:00,6,Thursday,22:50,Exit,Metrorail,Franconia-Springfield,Pentagon,StoredValue FF,-3.6,9.8,,,199,
441,13,2015-06-25 23:03:00,6,Thursday,23:03,Threshold Autoload,Metrobus,16B,,StoredValue FF,20.0,29.8,,,199,
442,14,2015-06-25 23:03:00,6,Thursday,23:03,Transfer,Metrobus,16B,,StoredValue FF,-1.25,28.55,,,199,
443,15,2015-06-26 17:30:00,6,Friday,17:30,Entry,Metrobus,7P,,StoredValue FF,-1.75,26.8,,,200,0 days 00:13:00
444,0,2015-06-26 17:43:00,6,Friday,17:43,Transfer,Metrorail,,Pentagon,StoredValue FF,0.0,26.8,,,200,
445,1,2015-06-26 17:51:00,6,Friday,17:51,Exit,Metrorail,,Archives,StoredValue FF,-1.65,25.15,,,200,
446,2,2015-06-26 21:30:00,6,Friday,21:30,Entry,Metrorail,Gallery Place,,StoredValue FF,0.0,25.15,,,201,
447,3,2015-06-26 21:56:00,6,Friday,21:56,Exit,Metrorail,Gallery Place,Pentagon,StoredValue FF,-1.75,23.4,,,201,
448,4,2015-06-26 22:05:00,6,Friday,22:05,Transfer,Metrobus,16B,,StoredValue FF,-1.25,22.15,,,201,
449,5,2015-07-11 16:48:00,7,Saturday,16:48,Entry,Metrobus,7F,,StoredValue FF,-1.75,20.4,,,202,0 days 00:08:00
450,6,2015-07-11 16:56:00,7,Saturday,16:56,Transfer,Metrorail,,Pentagon,StoredValue FF,0.0,20.4,,,202,
451,7,2015-07-11 17:09:00,7,Saturday,17:09,Exit,Metrorail,,L'Enfant Plaza,StoredValue FF,-1.25,19.15,,,202,
452,8,2015-07-11 20:46:00,7,Saturday,20:46,Entry,Metrorail,L'Enfant Plaza,,StoredValue FF,0.0,19.15,,,203,
453,9,2015-07-11 20:59:00,7,Saturday,20:59,Exit,Metrorail,L'Enfant Plaza,Pentagon,StoredValue FF,-1.75,17.4,,,203,
454,10,2015-07-11 21:15:00,7,Saturday,21:15,Transfer,Metrobus,16J,,StoredValue FF,-1.25,16.15,,,203,
455,11,2015-07-16 17:29:00,7,Thursday,17:29,Entry,Metrobus,7P,,StoredValue FF,-1.75,14.4,,,204,0 days 00:15:00
456,12,2015-07-16 17:44:00,7,Thursday,17:44,Transfer,Metrorail,,Pentagon,StoredValue FF,0.0,14.4,,,204,
457,13,2015-07-16 18:05:00,7,Thursday,18:05,Exit,Metrorail,,McPherson Square,StoredValue FF,-1.7,12.7,,,204,
458,14,2015-07-16 19:40:00,7,Thursday,19:40,Entry,Metrorail,McPherson Square,,StoredValue FF,0.0,12.7,,,205,
459,15,2015-07-16 19:56:00,7,Thursday,19:56,Exit,Metrorail,,Pentagon,StoredValue FF,-1.8,10.9,,,205,
460,0,2015-07-16 20:16:00,7,Thursday,20:16,Transfer,Metrobus,16J,,StoredValue FF,-1.25,9.65,,,205,
461,1,2015-07-21 15:44:00,7,Tuesday,15:44,Threshold Autoload,Metrobus,28X,,StoredValue FF,20.0,29.65,,,205,
462,2,2015-07-21 15:44:00,7,Tuesday,15:44,Entry,Metrobus,28X,,StoredValue FF,-1.75,27.9,,,206,
463,3,2015-07-21 20:49:00,7,Tuesday,20:49,Entry,Metrobus,28A,,StoredValue FF,-1.75,26.15,,,207,
464,4,2015-07-22 17:50:00,7,Wednesday,17:50,Entry,Metrobus,7C,,StoredValue FF,-1.75,24.4,,,208,
465,5,2015-07-22 22:43:00,7,Wednesday,22:43,Entry,Metrorail,Foggy Bottom,,StoredValue FF,0.0,24.4,,,209,
466,6,2015-07-22 23:10:00,7,Wednesday,23:10,Exit,Metrorail,Foggy Bottom,Pentagon,StoredValue FF,-1.75,22.65,,,209,
467,7,2015-07-22 23:21:00,7,Wednesday,23:21,Transfer,Metrobus,16B,,StoredValue FF,-1.25,21.4,,,209,
468,8,2015-08-07 20:10:00,8,Friday,20:10,Entry,Metrobus,28A,,StoredValue FF,-1.75,19.65,,,210,
469,9,2015-08-09 14:57:00,8,Sunday,14:57,Entry,Metrorail,New Carrollton,,StoredValue FF,0.0,19.65,,,211,
470,10,2015-08-09 15:49:00,8,Sunday,15:49,Exit,Metrorail,New Carrollton,Pentagon,StoredValue FF,-3.6,16.05,,,211,
471,11,2015-08-09 16:00:00,8,Sunday,16:00,Transfer,Metrobus,16B,,StoredValue FF,-1.25,14.8,,,211,
472,12,2015-08-14 17:10:00,8,Friday,17:10,Entry,Metrobus,7P,,StoredValue FF,-1.75,13.05,,,212,0 days 00:10:00
473,13,2015-08-14 17:20:00,8,Friday,17:20,Transfer,Metrorail,,Pentagon,StoredValue FF,0.0,13.05,,,212,
474,14,2015-08-14 17:28:00,8,Friday,17:28,Exit,Metrorail,,Archives,StoredValue FF,-1.65,11.4,,,212,
475,15,2015-08-14 22:57:00,8,Friday,22:57,Entry,Metrorail,Archives,,StoredValue FF,0.0,11.4,,,213,
476,0,2015-08-14 23:13:00,8,Friday,23:13,Exit,Metrorail,,Pentagon,StoredValue FF,-1.75,9.65,,,213,
477,2,2015-08-14 23:38:00,8,Friday,23:38,Transfer,Metrobus,TEST - TEST LINE,,StoredValue FF,-1.25,28.4,,,213,
478,1,2015-08-14 23:38:00,8,Friday,23:38,Threshold Autoload,Metrobus,TEST - TEST LINE,,StoredValue FF,20.0,29.65,,,213,
479,3,2015-08-15 13:12:00,8,Saturday,13:12,Entry,Metrobus,16B,,StoredValue FF,-1.75,26.65,,,214,0 days 00:26:00
480,4,2015-08-15 13:38:00,8,Saturday,13:38,Transfer,Metrorail,,Pentagon,StoredValue FF,0.0,26.65,,,214,
481,5,2015-08-15 14:24:00,8,Saturday,14:24,Exit,Metrorail,,Greenbelt,StoredValue FF,-3.1,23.55,,,214,
482,6,2015-08-15 14:49:00,8,Saturday,14:49,Transfer,Metrobus,B31,,StoredValue FF,-5.25,18.3,,,214,
483,7,2015-08-22 22:43:00,8,Saturday,22:43,Entry,Metrorail,National Airport,,StoredValue FF,0.0,18.3,,,215,
484,8,2015-08-22 23:00:00,8,Saturday,23:00,Exit,Metrorail,National Airport,Pentagon,StoredValue FF,-1.75,16.55,,,215,
485,9,2015-08-22 23:14:00,8,Saturday,23:14,Transfer,Metrobus,16E,,StoredValue FF,-1.25,15.3,,,215,
486,10,2015-08-28 17:07:00,8,Friday,17:07,Entry,Metrobus,7P,,StoredValue FF,-1.75,13.55,,,216,0 days 00:09:00
487,11,2015-08-28 17:16:00,8,Friday,17:16,Transfer,Metrorail,,Pentagon,StoredValue FF,0.0,13.55,,,216,
488,12,2015-08-28 17:39:00,8,Friday,17:39,Exit,Metrorail,,Union Station,StoredValue FF,-1.9,11.65,,,216,
489,13,2015-08-30 23:20:00,8,Sunday,23:20,Entry,Metrorail,Union Station,,StoredValue FF,0.0,11.65,,,217,
490,14,2015-08-31 00:10:00,8,Monday,0:10,Exit,Metrorail,Union Station,Pentagon,StoredValue FF,-1.95,9.7,,,217,
492,15,2015-08-31 00:26:00,8,Monday,0:26,Threshold Autoload,Metrobus,16E,,StoredValue FF,20.0,29.7,,,217,
491,0,2015-08-31 00:26:00,8,Monday,0:26,Transfer,Metrobus,16E,,StoredValue FF,-1.25,28.45,,,217,
493,1,2015-09-07 23:12:00,9,Monday,23:12,Entry,Metrorail,Union Station,,StoredValue FF,0.0,28.45,,,218,
494,2,2015-09-07 23:54:00,9,Monday,23:54,Exit,Metrorail,Union Station,Pentagon,StoredValue FF,-1.95,26.5,,,218,
495,3,2015-09-07 23:59:00,9,Monday,23:59,Transfer,Metrobus,16E,,StoredValue FF,-1.25,25.25,,,218,
496,4,2015-09-13 12:56:00,9,Sunday,12:56,Entry,Metrorail,National Airport,,StoredValue FF,0.0,25.25,,,219,
497,5,2015-09-13 13:00:00,9,Sunday,13:00,Exit,Metrorail,National Airport,National Airport,StoredValue FF,-1.75,23.5,,,219,
498,6,2015-09-13 16:50:00,9,Sunday,16:50,Entry,Metrorail,Dupont Circle,,StoredValue FF,0.0,23.5,,,220,
499,7,2015-09-13 17:49:00,9,Sunday,17:49,Exit,Metrorail,Dupont Circle,National Airport,StoredValue FF,-2.3,21.2,,,220,
500,8,2015-09-16 12:54:00,9,Wednesday,12:54,Entry,Metrobus,16A,,StoredValue FF,-1.75,19.45,,,221,0 days 00:27:00
501,9,2015-09-16 13:21:00,9,Wednesday,13:21,Transfer,Metrorail,,Pentagon,StoredValue FF,0.0,19.45,,,221,
502,10,2015-09-16 13:41:00,9,Wednesday,13:41,Exit,Metrorail,,Rosslyn,StoredValue FF,-1.25,18.2,,,221,
503,11,2015-09-16 15:00:00,9,Wednesday,15:00,Entry,Metrorail,Foggy Bottom,,StoredValue FF,0.0,18.2,,,222,
504,12,2015-09-16 15:23:00,9,Wednesday,15:23,Exit,Metrorail,Foggy Bottom,Woodley Park-Zoo,StoredValue FF,-2.15,16.05,,,222,
505,13,2015-09-16 18:30:00,9,Wednesday,18:30,Entry,Metrorail,Woodley Park-Zoo,,StoredValue FF,0.0,16.05,,,223,
506,14,2015-09-16 18:57:00,9,Wednesday,18:57,Exit,Metrorail,,Pentagon,StoredValue FF,-2.8,13.25,,,223,
507,15,2015-09-16 18:59:00,9,Wednesday,18:59,Transfer,Metrobus,16A,,StoredValue FF,-1.25,12.0,,,223,
508,0,2015-09-16 20:48:00,9,Wednesday,20:48,Entry,Metrobus,16J,,StoredValue FF,-1.75,10.25,,,224,0 days 00:32:00
509,1,2015-09-16 21:20:00,9,Wednesday,21:20,Transfer,Metrorail,,Pentagon,StoredValue FF,0.0,10.25,,,224,
510,2,2015-09-16 21:53:00,9,Wednesday,21:53,Exit,Metrorail,,Union Station,StoredValue FF,-1.45,8.8,,,224,
511,3,2015-09-22 11:05:00,9,Tuesday,11:05,Threshold Autoload,Metrobus,B32,,StoredValue FF,20.0,28.8,,,224,
512,4,2015-09-22 11:05:00,9,Tuesday,11:05,Entry,Metrobus,B33,,StoredValue FF,-7.0,21.8,,,225,0 days 00:26:00
513,5,2015-09-22 11:31:00,9,Tuesday,11:31,Transfer,Metrorail,,Greenbelt,StoredValue FF,0.0,21.8,,,225,
514,6,2015-09-22 12:24:00,9,Tuesday,12:24,Exit,Metrorail,,Pentagon,StoredValue FF,-3.1,18.7,,,225,
515,7,2015-09-22 12:29:00,9,Tuesday,12:29,Transfer,Metrobus,16A,,StoredValue FF,0.0,18.7,,,225,
516,8,2015-09-22 21:47:00,9,Tuesday,21:47,Entry,Metrorail,McPherson Square,,StoredValue FF,0.0,18.7,,,226,
517,9,2015-09-22 22:03:00,9,Tuesday,22:03,Exit,Metrorail,McPherson Square,Pentagon,StoredValue FF,-1.8,16.9,,,226,
518,10,2015-09-22 22:06:00,9,Tuesday,22:06,Transfer,Metrobus,16B,,StoredValue FF,-1.25,15.65,,,226,
519,11,2015-09-29 07:00:00,9,Tuesday,7:00,Entry,Metrorail,National Airport,,StoredValue FF,0.0,15.65,,,227,
520,12,2015-09-29 07:07:00,9,Tuesday,7:07,Exit,Metrorail,National Airport,Pentagon,StoredValue FF,-2.15,13.5,,,227,
521,13,2015-09-29 07:10:00,9,Tuesday,7:10,Transfer,Metrobus,16J,,StoredValue FF,-1.25,12.25,,,227,
522,14,2015-09-29 17:36:00,9,Tuesday,17:36,Entry,Metrobus,16A,,StoredValue FF,-1.75,10.5,,,228,0 days 00:32:00
523,15,2015-09-29 18:08:00,9,Tuesday,18:08,Transfer,Metrorail,,Pentagon,StoredValue FF,0.0,10.5,,,228,
524,0,2015-09-29 18:24:00,9,Tuesday,18:24,Exit,Metrorail,,McPherson Square,StoredValue FF,-1.7,8.8,,,228,
525,1,2015-09-29 21:48:00,9,Tuesday,21:48,Threshold Autoload,Metrorail,McPherson Square,,StoredValue FF,20.0,28.8,,,228,
526,2,2015-09-29 21:48:00,9,Tuesday,21:48,Entry,Metrorail,McPherson Square,,StoredValue FF,0.0,28.8,,,229,
527,3,2015-09-29 22:05:00,9,Tuesday,22:05,Exit,Metrorail,McPherson Square,Pentagon,StoredValue FF,-1.8,27.0,,,229,
528,4,2015-09-29 22:14:00,9,Tuesday,22:14,Transfer,Metrobus,16B,,StoredValue FF,-1.25,25.75,,,229,
529,5,2015-10-01 17:36:00,10,Thursday,17:36,Entry,Metrobus,7W,,StoredValue FF,-1.75,24.0,,,230,0 days 00:16:00
530,6,2015-10-01 17:52:00,10,Thursday,17:52,Transfer,Metrorail,,Pentagon,StoredValue FF,0.0,24.0,,,230,
531,7,2015-10-01 18:18:00,10,Thursday,18:18,Exit,Metrorail,,McPherson Square,StoredValue FF,-1.7,22.3,,,230,
532,8,2015-10-01 22:07:00,10,Thursday,22:07,Entry,Metrorail,McPherson Square,,StoredValue FF,0.0,22.3,,,231,
533,9,2015-10-01 22:28:00,10,Thursday,22:28,Exit,Metrorail,McPherson Square,Pentagon,StoredValue FF,-1.8,20.5,,,231,
534,10,2015-10-01 22:31:00,10,Thursday,22:31,Transfer,Metrobus,16B,,StoredValue FF,-1.25,19.25,,,231,
535,11,2015-10-06 17:25:00,10,Tuesday,17:25,Entry,Metrobus,7P,,StoredValue FF,-1.75,17.5,,,232,0 days 00:12:00
536,12,2015-10-06 17:37:00,10,Tuesday,17:37,Transfer,Metrorail,,Pentagon,StoredValue FF,0.0,17.5,,,232,
537,13,2015-10-06 18:04:00,10,Tuesday,18:04,Exit,Metrorail,,McPherson Square,StoredValue FF,-1.7,15.8,,,232,
538,14,2015-10-06 21:43:00,10,Tuesday,21:43,Entry,Metrorail,McPherson Square,,StoredValue FF,0.0,15.8,,,233,
539,15,2015-10-06 22:05:00,10,Tuesday,22:05,Exit,Metrorail,McPherson Square,Pentagon,StoredValue FF,-1.8,14.0,,,233,
540,0,2015-10-06 22:21:00,10,Tuesday,22:21,Transfer,Metrobus,16J,,StoredValue FF,-1.25,12.75,,,233,
541,1,2015-10-08 16:39:00,10,Thursday,16:39,Entry,Metrobus,7P,,StoredValue FF,-1.75,11.0,,,234,0 days 00:16:00
542,2,2015-10-08 16:55:00,10,Thursday,16:55,Transfer,Metrorail,,Pentagon,StoredValue FF,0.0,11.0,,,234,
543,3,2015-10-08 17:07:00,10,Thursday,17:07,Exit,Metrorail,,Archives,StoredValue FF,-1.65,9.35,,,234,
544,4,2015-10-08 21:55:00,10,Thursday,21:55,Threshold Autoload,Metrorail,Farragut West,,StoredValue FF,20.0,29.35,,,234,
545,5,2015-10-08 21:55:00,10,Thursday,21:55,Entry,Metrorail,Farragut West,,StoredValue FF,0.0,29.35,,,235,
546,6,2015-10-08 22:19:00,10,Thursday,22:19,Exit,Metrorail,Farragut West,Pentagon,StoredValue FF,-1.8,27.55,,,235,
547,7,2015-10-08 22:30:00,10,Thursday,22:30,Transfer,Metrobus,16B,,StoredValue FF,-1.25,26.3,,,235,
548,8,2015-10-09 16:06:00,10,Friday,16:06,Entry,Metrobus,7P,,StoredValue FF,-1.75,24.55,,,236,0 days 00:16:00
549,9,2015-10-09 16:22:00,10,Friday,16:22,Transfer,Metrorail,,Pentagon,StoredValue FF,0.0,24.55,,,236,
550,10,2015-10-09 16:44:00,10,Friday,16:44,Exit,Metrorail,,McPherson Square,StoredValue FF,-1.7,22.85,,,236,
551,11,2015-10-09 19:14:00,10,Friday,19:14,Entry,Metrorail,McPherson Square,,StoredValue FF,0.0,22.85,,,237,
552,12,2015-10-09 19:38:00,10,Friday,19:38,Exit,Metrorail,McPherson Square,Pentagon,StoredValue FF,-1.8,21.05,,,237,
553,13,2015-10-09 19:45:00,10,Friday,19:45,Transfer,Metrobus,16J,,StoredValue FF,-1.25,19.8,,,237,
554,14,2015-10-10 22:23:00,10,Saturday,22:23,Entry,Metrobus,28A,,StoredValue FF,-1.75,18.05,,,238,
555,15,2015-10-11 13:01:00,10,Sunday,13:01,Entry,Metrobus,29N,,StoredValue FF,-1.75,16.3,,,239,0 days 00:28:00
556,0,2015-10-11 13:29:00,10,Sunday,13:29,Transfer,Metrorail,,Pentagon,StoredValue FF,0.0,16.3,,,239,
560,1,2015-10-11 18:16:00,10,Sunday,18:16,"Exit
Entry/Exit Inverted",Metrorail,,L'Enfant Plaza,,0.0,16.3,,,239,
559,1,2015-10-11 18:16:00,10,Sunday,18:16,"Exit
Entry/Exit Inverted",Metrorail,,L'Enfant Plaza,,0.0,16.3,,,239,
557,1,2015-10-11 18:16:00,10,Sunday,18:16,"Exit
Entry/Exit Inverted",Metrorail,,L'Enfant Plaza,,0.0,16.3,,,239,
558,1,2015-10-11 18:16:00,10,Sunday,18:16,"Exit
Entry/Exit Inverted",Metrorail,,L'Enfant Plaza,,0.0,16.3,,,239,
561,2,2015-10-11 18:17:00,10,Sunday,18:17,Entry,Metrorail,L'Enfant Plaza,,StoredValue FF,0.0,15.05,,,240,
562,1,2015-10-11 18:17:00,10,Sunday,18:17,"Exit
Forced Exit",Metrorail,,L'Enfant Plaza,StoredValue FF,-1.25,15.05,,,240,
563,3,2015-10-11 18:31:00,10,Sunday,18:31,Exit,Metrorail,L'Enfant Plaza,Pentagon,StoredValue FF,-1.75,13.3,,,240,
564,4,2015-10-11 18:59:00,10,Sunday,18:59,Transfer,Metrobus,16B,,StoredValue FF,-1.25,12.05,,,240,
565,5,2015-10-13 17:08:00,10,Tuesday,17:08,Entry,Metrobus,7A,,StoredValue FF,-1.75,10.3,,,241,0 days 00:15:00
566,6,2015-10-13 17:23:00,10,Tuesday,17:23,Transfer,Metrorail,,Pentagon,StoredValue FF,0.0,10.3,,,241,
567,7,2015-10-13 17:43:00,10,Tuesday,17:43,Exit,Metrorail,,McPherson Square,StoredValue FF,-1.7,8.6,,,241,
569,9,2015-10-13 21:46:00,10,Tuesday,21:46,Entry,Metrorail,McPherson Square,,StoredValue FF,0.0,28.6,,,242,
568,8,2015-10-13 21:46:00,10,Tuesday,21:46,Threshold Autoload,Metrorail,McPherson Square,,StoredValue FF,20.0,28.6,,,242,
570,10,2015-10-13 22:05:00,10,Tuesday,22:05,Exit,Metrorail,McPherson Square,Pentagon,StoredValue FF,-1.8,26.8,,,242,
571,11,2015-10-13 22:12:00,10,Tuesday,22:12,Transfer,Metrobus,16B,,StoredValue FF,-1.25,25.55,,,242,
572,12,2015-10-15 17:10:00,10,Thursday,17:10,Entry,Metrobus,7P,,StoredValue FF,-1.75,23.8,,,243,0 days 00:16:00
573,13,2015-10-15 17:26:00,10,Thursday,17:26,Transfer,Metrorail,,Pentagon,StoredValue FF,0.0,23.8,,,243,
574,14,2015-10-15 17:58:00,10,Thursday,17:58,Exit,Metrorail,,McPherson Square,StoredValue FF,-1.7,22.1,,,243,
575,15,2015-10-15 22:02:00,10,Thursday,22:02,Entry,Metrorail,McPherson Square,,StoredValue FF,0.0,22.1,,,244,
576,0,2015-10-15 22:27:00,10,Thursday,22:27,Exit,Metrorail,,Pentagon,StoredValue FF,-1.8,20.3,,,244,
577,1,2015-10-17 08:05:00,10,Saturday,8:05,Entry,Metrobus,16J,,StoredValue FF,-1.75,18.55,,,245,0 days 00:26:00
578,2,2015-10-17 08:31:00,10,Saturday,8:31,Transfer,Metrorail,,Pentagon,StoredValue FF,0.0,18.55,,,245,
579,3,2015-10-17 09:10:00,10,Saturday,9:10,Exit,Metrorail,,Foggy Bottom,StoredValue FF,-1.25,17.3,,,245,
580,4,2015-10-18 01:16:00,10,Sunday,1:16,Entry,Metrorail,Columbia Heights,,StoredValue FF,0.0,17.3,,,246,
581,5,2015-10-18 01:39:00,10,Sunday,1:39,Exit,Metrorail,Columbia Heights,Pentagon,StoredValue FF,-2.8,14.5,,,246,
582,6,2015-10-18 12:14:00,10,Sunday,12:14,Entry,Metrorail,Pentagon City,,StoredValue FF,0.0,14.5,,,247,
583,7,2015-10-18 12:39:00,10,Sunday,12:39,Exit,Metrorail,Pentagon City,Eastern Market,StoredValue FF,-2.0,12.5,,,247,
584,8,2015-10-18 16:11:00,10,Sunday,16:11,Entry,Metrorail,Eastern Market,,StoredValue FF,0.0,12.5,,,248,
585,9,2015-10-18 17:16:00,10,Sunday,17:16,Exit,Metrorail,Eastern Market,Pentagon City,StoredValue FF,-2.0,10.5,,,248,
586,10,2015-10-18 17:39:00,10,Sunday,17:39,Transfer,Metrobus,16P,,StoredValue FF,-1.25,9.25,,,248,
587,11,2015-10-20 17:07:00,10,Tuesday,17:07,Threshold Autoload,Metrobus,7P,,StoredValue FF,20.0,29.25,,,248,
588,12,2015-10-20 17:07:00,10,Tuesday,17:07,Entry,Metrobus,7P,,StoredValue FF,-1.75,27.5,,,249,0 days 00:17:00
589,13,2015-10-20 17:24:00,10,Tuesday,17:24,Transfer,Metrorail,,Pentagon,StoredValue FF,0.0,27.5,,,249,
590,14,2015-10-20 17:44:00,10,Tuesday,17:44,Exit,Metrorail,,McPherson Square,StoredValue FF,-1.7,25.8,,,249,
591,15,2015-10-20 21:40:00,10,Tuesday,21:40,Entry,Metrorail,McPherson Square,,StoredValue FF,0.0,25.8,,,250,
592,0,2015-10-20 21:55:00,10,Tuesday,21:55,Exit,Metrorail,,Pentagon,StoredValue FF,-1.8,24.0,,,250,
593,1,2015-10-22 17:07:00,10,Thursday,17:07,Entry,Metrobus,7P,,StoredValue FF,-1.75,22.25,,,251,0 days 00:16:00
594,2,2015-10-22 17:23:00,10,Thursday,17:23,Transfer,Metrorail,,Pentagon,StoredValue FF,0.0,22.25,,,251,
595,3,2015-10-22 17:44:00,10,Thursday,17:44,Exit,Metrorail,,McPherson Square,StoredValue FF,-1.7,20.55,,,251,
596,4,2015-10-22 21:40:00,10,Thursday,21:40,Entry,Metrorail,McPherson Square,,StoredValue FF,0.0,20.55,,,252,
597,5,2015-10-22 21:53:00,10,Thursday,21:53,Exit,Metrorail,McPherson Square,Pentagon,StoredValue FF,-1.8,18.75,,,252,
598,6,2015-10-25 16:55:00,10,Sunday,16:55,Entry,Metrorail,Rosslyn,,StoredValue FF,0.0,18.75,,,253,
599,7,2015-10-25 17:12:00,10,Sunday,17:12,Exit,Metrorail,Rosslyn,Pentagon City,StoredValue FF,-1.75,17.0,,,253,
600,8,2015-10-26 18:08:00,10,Monday,18:08,Entry,Metrorail,Pentagon City,,StoredValue FF,0.0,17.0,,,254,
601,9,2015-10-26 18:31:00,10,Monday,18:31,Exit,Metrorail,Pentagon City,U Street,StoredValue FF,-2.75,14.25,,,254,
602,10,2015-10-26 20:36:00,10,Monday,20:36,Entry,Metrorail,U Street,,StoredValue FF,0.0,14.25,,,255,
603,11,2015-10-26 21:00:00,10,Monday,21:00,Exit,Metrorail,U Street,Pentagon,StoredValue FF,-2.05,12.2,,,255,
604,12,2015-10-26 21:16:00,10,Monday,21:16,Transfer,Metrobus,16J,,StoredValue FF,-1.25,10.95,,,255,
605,13,2015-10-27 15:46:00,10,Tuesday,15:46,Entry,Metrobus,7A,,StoredValue FF,-1.75,9.2,,,256,0 days 00:13:00
606,15,2015-10-27 15:59:00,10,Tuesday,15:59,Transfer,Metrorail,,Pentagon,StoredValue FF,0.0,29.2,,,256,
607,14,2015-10-27 15:59:00,10,Tuesday,15:59,Threshold Autoload,Metrorail,Pentagon,,StoredValue FF,20.0,29.2,,,256,
608,0,2015-10-27 16:15:00,10,Tuesday,16:15,Exit,Metrorail,,McPherson Square,StoredValue FF,-1.7,27.5,,,256,
609,1,2015-10-27 21:45:00,10,Tuesday,21:45,Entry,Metrorail,McPherson Square,,StoredValue FF,0.0,27.5,,,257,
610,2,2015-10-27 22:02:00,10,Tuesday,22:02,Exit,Metrorail,McPherson Square,Pentagon,StoredValue FF,-1.8,25.7,,,257,
611,3,2015-10-27 22:07:00,10,Tuesday,22:07,Transfer,Metrobus,16B,,StoredValue FF,-1.25,24.45,,,257,
612,4,2015-10-29 17:06:00,10,Thursday,17:06,Entry,Metrobus,7A,,StoredValue FF,-1.75,22.7,,,258,0 days 00:14:00
613,5,2015-10-29 17:20:00,10,Thursday,17:20,Transfer,Metrorail,,Pentagon,StoredValue FF,0.0,22.7,,,258,
614,6,2015-10-29 17:41:00,10,Thursday,17:41,Exit,Metrorail,,McPherson Square,StoredValue FF,-1.7,21.0,,,258,
615,7,2015-10-29 21:47:00,10,Thursday,21:47,Entry,Metrorail,McPherson Square,,StoredValue FF,0.0,21.0,,,259,
616,8,2015-10-29 22:08:00,10,Thursday,22:08,Exit,Metrorail,McPherson Square,Pentagon,StoredValue FF,-1.8,19.2,,,259,
617,9,2015-10-29 22:15:00,10,Thursday,22:15,Transfer,Metrobus,16B,,StoredValue FF,-1.25,17.95,,,259,
618,10,2015-11-01 01:10:00,11,Sunday,1:10,Entry,Metrorail,U Street,,StoredValue FF,0.0,17.95,,,260,
619,11,2015-11-01 01:37:00,11,Sunday,1:37,Exit,Metrorail,U Street,Pentagon,StoredValue FF,-2.55,15.4,,,260,
620,12,2015-11-03 17:28:00,11,Tuesday,17:28,Entry,Metrobus,7P,,StoredValue FF,-1.75,13.65,,,261,0 days 00:14:00
621,13,2015-11-03 17:42:00,11,Tuesday,17:42,Transfer,Metrorail,,Pentagon,StoredValue FF,0.0,13.65,,,261,
622,14,2015-11-03 18:04:00,11,Tuesday,18:04,Exit,Metrorail,,McPherson Square,StoredValue FF,-1.7,11.95,,,261,
623,15,2015-11-03 21:47:00,11,Tuesday,21:47,Entry,Metrorail,McPherson Square,,StoredValue FF,0.0,11.95,,,262,
624,0,2015-11-03 22:02:00,11,Tuesday,22:02,Exit,Metrorail,,Pentagon,StoredValue FF,-1.8,10.15,,,262,
625,1,2015-11-03 22:07:00,11,Tuesday,22:07,Transfer,Metrobus,16B,,StoredValue FF,-1.25,8.9,,,262,
626,2,2015-11-05 17:06:00,11,Thursday,17:06,Threshold Autoload,Metrobus,7A,,StoredValue FF,20.0,28.9,,,262,
627,3,2015-11-05 17:06:00,11,Thursday,17:06,Entry,Metrobus,7A,,StoredValue FF,-1.75,27.15,,,263,
628,5,2015-11-05 17:39:00,11,Thursday,17:39,Exit,Metrorail,,McPherson Square,StoredValue FF,-1.7,25.45,,,263,
629,6,2015-11-05 21:44:00,11,Thursday,21:44,Entry,Metrorail,McPherson Square,,StoredValue FF,0.0,25.45,,,264,
630,7,2015-11-05 22:03:00,11,Thursday,22:03,Exit,Metrorail,McPherson Square,Pentagon,StoredValue FF,-1.8,23.65,,,264,
631,8,2015-11-05 22:12:00,11,Thursday,22:12,Transfer,Metrobus,16B,,StoredValue FF,-1.25,22.4,,,264,
632,9,2015-11-10 17:46:00,11,Tuesday,17:46,Entry,Metrobus,7P,,StoredValue FF,-1.75,20.65,,,265,0 days 00:12:00
633,10,2015-11-10 17:58:00,11,Tuesday,17:58,Transfer,Metrorail,,Pentagon,StoredValue FF,0.0,20.65,,,265,
634,11,2015-11-10 18:20:00,11,Tuesday,18:20,Exit,Metrorail,,McPherson Square,StoredValue FF,-1.7,18.95,,,265,
635,12,2015-11-10 22:18:00,11,Tuesday,22:18,Entry,Metrorail,McPherson Square,,StoredValue FF,0.0,18.95,,,266,
636,13,2015-11-10 22:35:00,11,Tuesday,22:35,Exit,Metrorail,McPherson Square,Pentagon,StoredValue FF,-1.8,17.15,,,266,
637,14,2015-11-10 22:39:00,11,Tuesday,22:39,Transfer,Metrobus,16B,,StoredValue FF,-1.25,15.9,,,266,
638,15,2015-11-12 17:05:00,11,Thursday,17:05,Entry,Metrobus,7P,,StoredValue FF,-1.75,14.15,,,267,0 days 00:17:00
639,0,2015-11-12 17:22:00,11,Thursday,17:22,Transfer,Metrorail,,Pentagon,StoredValue FF,0.0,14.15,,,267,
640,1,2015-11-12 17:35:00,11,Thursday,17:35,Exit,Metrorail,,McPherson Square,StoredValue FF,-1.7,12.45,,,267,
641,2,2015-11-12 21:47:00,11,Thursday,21:47,Entry,Metrorail,McPherson Square,,StoredValue FF,0.0,12.45,,,268,
642,3,2015-11-12 22:11:00,11,Thursday,22:11,Exit,Metrorail,McPherson Square,Pentagon,StoredValue FF,-1.8,10.65,,,268,
643,4,2015-11-12 22:16:00,11,Thursday,22:16,Transfer,Metrobus,16B,,StoredValue FF,-1.25,9.4,,,268,
645,6,2015-11-13 16:09:00,11,Friday,16:09,Entry,Metrobus,7P,,StoredValue FF,-1.75,27.65,,,269,0 days 00:15:00
644,5,2015-11-13 16:09:00,11,Friday,16:09,Threshold Autoload,Metrobus,7P,,StoredValue FF,20.0,29.4,,,269,
646,7,2015-11-13 16:24:00,11,Friday,16:24,Transfer,Metrorail,,Pentagon,StoredValue FF,0.0,27.65,,,269,
647,8,2015-11-13 16:37:00,11,Friday,16:37,Exit,Metrorail,,McPherson Square,StoredValue FF,-1.7,25.95,,,269,
648,9,2015-11-13 17:01:00,11,Friday,17:01,Transfer,Metrorail,,McPherson Square,StoredValue FF,0.0,25.95,,,269,
649,10,2015-11-13 17:16:00,11,Friday,17:16,Exit,Metrorail,,Pentagon,StoredValue FF,-1.7,24.25,,,269,
650,11,2015-11-13 17:27:00,11,Friday,17:27,Transfer,Metrobus,16A,,StoredValue FF,0.0,24.25,,,269,
651,13,2015-11-17 17:54:00,11,Tuesday,17:54,Exit,Metrorail,,McPherson Square,StoredValue FF,-2.2,22.05,,,269,
652,14,2015-11-17 21:45:00,11,Tuesday,21:45,Entry,Metrorail,McPherson Square,,StoredValue FF,0.0,22.05,,,270,
653,15,2015-11-17 22:05:00,11,Tuesday,22:05,Exit,Metrorail,McPherson Square,Pentagon,StoredValue FF,-1.8,20.25,,,270,
654,0,2015-11-17 22:14:00,11,Tuesday,22:14,Transfer,Metrobus,16B,,StoredValue FF,-1.25,19.0,,,270,
655,1,2015-11-19 17:26:00,11,Thursday,17:26,Entry,Metrobus,7P,,StoredValue FF,-1.75,17.25,,,271,0 days 00:16:00
656,2,2015-11-19 17:42:00,11,Thursday,17:42,Transfer,Metrorail,,Pentagon,StoredValue FF,0.0,17.25,,,271,
657,3,2015-11-19 18:06:00,11,Thursday,18:06,Exit,Metrorail,,McPherson Square,StoredValue FF,-1.7,15.55,,,271,
658,4,2015-11-19 21:43:00,11,Thursday,21:43,Entry,Metrorail,McPherson Square,,StoredValue FF,0.0,15.55,,,272,
659,5,2015-11-19 22:09:00,11,Thursday,22:09,Exit,Metrorail,McPherson Square,Pentagon,StoredValue FF,-1.8,13.75,,,272,
660,6,2015-11-19 22:17:00,11,Thursday,22:17,Transfer,Metrobus,16A,,StoredValue FF,-1.25,12.5,,,272,
661,7,2015-11-21 14:04:00,11,Saturday,14:04,Entry,DC Circulator,Georgetown - Union,,StoredValue FF,-1.0,11.5,,,273,
662,8,2015-11-21 15:16:00,11,Saturday,15:16,Transfer,Metrorail,,Union Station,StoredValue FF,0.0,11.5,,,273,
663,9,2015-11-21 15:38:00,11,Saturday,15:38,Exit,Metrorail,,Pentagon,StoredValue FF,-1.45,10.05,,,273,
664,10,2015-11-21 15:49:00,11,Saturday,15:49,Transfer,Metrobus,16J,,StoredValue FF,-0.75,9.3,,,273,
665,11,2015-11-23 18:04:00,11,Monday,18:04,Threshold Autoload,Metrobus,7P,,StoredValue FF,20.0,29.3,,,273,
666,12,2015-11-23 18:04:00,11,Monday,18:04,Entry,Metrobus,7P,,StoredValue FF,-1.75,27.55,,,274,0 days 00:14:00
667,13,2015-11-23 18:18:00,11,Monday,18:18,Transfer,Metrorail,,Pentagon,StoredValue FF,0.0,27.55,,,274,
668,14,2015-11-23 18:35:00,11,Monday,18:35,Exit,Metrorail,,Dupont Circle,StoredValue FF,-1.9,25.65,,,274,
669,15,2015-11-23 21:55:00,11,Monday,21:55,Entry,Metrorail,Dupont Circle,,StoredValue FF,0.0,25.65,,,275,
670,0,2015-11-23 22:33:00,11,Monday,22:33,Exit,Metrorail,,Pentagon,StoredValue FF,-1.95,23.7,,,275,
671,1,2015-11-23 22:38:00,11,Monday,22:38,Transfer,Metrobus,16B,,StoredValue FF,-1.25,22.45,,,275,
672,2,2015-11-24 17:27:00,11,Tuesday,17:27,Entry,Metrobus,7P,,StoredValue FF,-1.75,20.7,,,276,0 days 00:10:00
673,3,2015-11-24 17:37:00,11,Tuesday,17:37,Transfer,Metrorail,,Pentagon,StoredValue FF,0.0,20.7,,,276,
674,4,2015-11-24 17:52:00,11,Tuesday,17:52,Exit,Metrorail,,McPherson Square,StoredValue FF,-1.7,19.0,,,276,
675,5,2015-11-24 21:43:00,11,Tuesday,21:43,Entry,Metrorail,McPherson Square,,StoredValue FF,0.0,19.0,,,277,
676,6,2015-11-24 22:02:00,11,Tuesday,22:02,Exit,Metrorail,McPherson Square,Union Station,StoredValue FF,-1.75,17.25,,,277,
677,7,2015-12-01 21:50:00,12,Tuesday,21:50,Entry,Metrorail,McPherson Square,,StoredValue FF,0.0,17.25,,,278,
678,8,2015-12-01 22:17:00,12,Tuesday,22:17,Exit,Metrorail,McPherson Square,Pentagon,StoredValue FF,-1.8,15.45,,,278,
679,9,2015-12-01 22:19:00,12,Tuesday,22:19,Transfer,Metrobus,16A,,StoredValue FF,-1.25,14.2,,,278,
680,10,2015-12-03 17:32:00,12,Thursday,17:32,Entry,Metrobus,7P,,StoredValue FF,-1.75,12.45,,,279,0 days 00:14:00
681,11,2015-12-03 17:46:00,12,Thursday,17:46,Transfer,Metrorail,,Pentagon,StoredValue FF,0.0,12.45,,,279,
682,12,2015-12-03 18:05:00,12,Thursday,18:05,Exit,Metrorail,,McPherson Square,StoredValue FF,-1.7,10.75,,,279,
683,13,2015-12-03 21:47:00,12,Thursday,21:47,Entry,DC Circulator,Georgetown - Union,,StoredValue FF,-1.0,9.75,,,280,
684,14,2015-12-04 01:02:00,12,Friday,1:02,Threshold Autoload,Metrobus,38B,,StoredValue FF,20.0,29.75,,,280,
685,15,2015-12-04 01:02:00,12,Friday,1:02,Entry,Metrobus,38B,,StoredValue FF,-1.75,28.0,,,281,
686,0,2015-12-04 11:27:00,12,Friday,11:27,Entry,Metrobus,16A,,StoredValue FF,-1.75,26.25,,,282,0 days 00:32:00
687,1,2015-12-04 11:59:00,12,Friday,11:59,Transfer,Metrobus,7F,,StoredValue FF,0.0,26.25,,,282,
688,2,2015-12-08 16:28:00,12,Tuesday,16:28,Entry,Metrobus,Four Mile Run,,StoredValue FF,-1.75,24.5,,,283,0 days 00:19:00
689,3,2015-12-08 16:47:00,12,Tuesday,16:47,Transfer,Metrorail,,Pentagon,StoredValue FF,0.0,24.5,,,283,
690,4,2015-12-08 17:06:00,12,Tuesday,17:06,Exit,Metrorail,,McPherson Square,StoredValue FF,-1.7,22.8,,,283,
691,5,2015-12-08 21:23:00,12,Tuesday,21:23,Entry,Metrorail,McPherson Square,,StoredValue FF,0.0,22.8,,,284,
692,6,2015-12-08 21:35:00,12,Tuesday,21:35,Exit,Metrorail,McPherson Square,Pentagon,StoredValue FF,-1.8,21.0,,,284,
693,7,2015-12-08 21:40:00,12,Tuesday,21:40,Transfer,Metrobus,16B,,StoredValue FF,-1.25,19.75,,,284,
694,8,2015-12-11 15:29:00,12,Friday,15:29,Entry,Metrobus,16A,,StoredValue FF,-1.75,18.0,,,285,0 days 00:33:00
695,9,2015-12-11 16:02:00,12,Friday,16:02,Transfer,Metrorail,,Pentagon,StoredValue FF,0.0,18.0,,,285,
696,10,2015-12-11 16:20:00,12,Friday,16:20,Exit,Metrorail,,Farragut West,StoredValue FF,-1.75,16.25,,,285,
697,11,2015-12-11 18:44:00,12,Friday,18:44,Entry,Metrorail,Farragut West,,StoredValue FF,0.0,16.25,,,286,
698,12,2015-12-11 18:56:00,12,Friday,18:56,Exit,Metrorail,Farragut West,Pentagon,StoredValue FF,-2.25,14.0,,,286,
699,13,2015-12-11 19:11:00,12,Friday,19:11,Transfer,Metrobus,16J,,StoredValue FF,-1.25,12.75,,,286,
