Seq. #,Time,Description,Operator,Entry Location/ Bus Route,Exit Location,Product,Change (+/-),Balance,SB Change,SmartBenefit Balance
1,12/4/2015 11:59,Transfer,Metrobus,7F,,StoredValue FF,$0.00 ,$26.25 ,,$160.00 
0,12/4/2015 11:27,Entry,Metrobus,16A,,StoredValue FF,($1.75),$26.25 ,,$160.00 
14,12/4/2015 1:02,Threshold Autoload,Metrobus,38B,,StoredValue FF,$20.00 ,$29.75 ,,$158.00 
15,12/4/2015 1:02,Entry,Metrobus,38B,,StoredValue FF,($1.75),$28.00 ,,$158.00 
13,12/3/2015 21:47,Entry,DC Circulator,Georgetown - Union,,StoredValue FF,($1.00),$9.75 ,,$156.00 
12,12/3/2015 18:05,Exit,Metrorail,,McPherson Square,StoredValue FF,($1.70),$10.75 ,,$156.00 
11,12/3/2015 17:46,Transfer,Metrorail,,Pentagon,StoredValue FF,$0.00 ,$12.45 ,,$154.00 
10,12/3/2015 17:32,Entry,Metrobus,7P,,StoredValue FF,($1.75),$12.45 ,,$154.00 
9,12/1/2015 22:19,Transfer,Metrobus,16A,,StoredValue FF,($1.25),$14.20 ,,$152.00 
8,12/1/2015 22:17,Exit,Metrorail,McPherson Square,Pentagon,StoredValue FF,($1.80),$15.45 ,,$152.00 
7,12/1/2015 21:50,Entry,Metrorail,McPherson Square,,StoredValue FF,$0.00 ,$17.25 ,,$149.50 
6,11/24/2015 22:02,Exit,Metrorail,McPherson Square,Union Station,StoredValue FF,($1.75),$17.25 ,,$149.50 
5,11/24/2015 21:43,Entry,Metrorail,McPherson Square,,StoredValue FF,$0.00 ,$19.00 ,,$147.50 
4,11/24/2015 17:52,Exit,Metrorail,,McPherson Square,StoredValue FF,($1.70),$19.00 ,,$146.50 
3,11/24/2015 17:37,Transfer,Metrorail,,Pentagon,StoredValue FF,$0.00 ,$20.70 ,,$146.50 
2,11/24/2015 17:27,Entry,Metrobus,7P,,StoredValue FF,($1.75),$20.70 ,,$146.50 
1,11/23/2015 22:38,Transfer,Metrobus,16B,,StoredValue FF,($1.25),$22.45 ,,$144.50 
0,11/23/2015 22:33,Exit,Metrorail,,Pentagon,StoredValue FF,($1.95),$23.70 ,,$142.00 
15,11/23/2015 21:55,Entry,Metrorail,Dupont Circle,,StoredValue FF,$0.00 ,$25.65 ,,$142.00 
14,11/23/2015 18:35,Exit,Metrorail,,Dupont Circle,StoredValue FF,($1.90),$25.65 ,,$140.00 
13,11/23/2015 18:18,Transfer,Metrorail,,Pentagon,StoredValue FF,$0.00 ,$27.55 ,,$140.00 
11,11/23/2015 18:04,Threshold Autoload,Metrobus,7P,,StoredValue FF,$20.00 ,$29.30 ,,$138.30 
12,11/23/2015 18:04,Entry,Metrobus,7P,,StoredValue FF,($1.75),$27.55 ,,$138.30 
10,11/21/2015 15:49,Transfer,Metrobus,16J,,StoredValue FF,($0.75),$9.30 ,,$136.20 
9,11/21/2015 15:38,Exit,Metrorail,,Pentagon,StoredValue FF,($1.45),$10.05 ,,$160.00 
8,11/21/2015 15:16,Transfer,Metrorail,,Union Station,StoredValue FF,$0.00 ,$11.50 ,,$160.00 
7,11/21/2015 14:04,Entry,DC Circulator,Georgetown - Union,,StoredValue FF,($1.00),$11.50 ,,$158.30 
6,11/19/2015 22:17,Transfer,Metrobus,16A,,StoredValue FF,($1.25),$12.50 ,,$157.80 
5,11/19/2015 22:09,Exit,Metrorail,McPherson Square,Pentagon,StoredValue FF,($1.80),$13.75 ,,$155.80 
4,11/19/2015 21:43,Entry,Metrorail,McPherson Square,,StoredValue FF,$0.00 ,$15.55 ,,$157.80 
3,11/19/2015 18:06,Exit,Metrorail,,McPherson Square,StoredValue FF,($1.70),$15.55 ,,$154.80 
2,11/19/2015 17:42,Transfer,Metrorail,,Pentagon,StoredValue FF,$0.00 ,$17.25 ,,$154.80 
1,11/19/2015 17:26,Entry,Metrobus,7P,,StoredValue FF,($1.75),$17.25 ,,$152.70 
0,11/17/2015 22:14,Transfer,Metrobus,16B,,StoredValue FF,($1.25),$19.00 ,,$152.70 
15,11/17/2015 22:05,Exit,Metrorail,McPherson Square,Pentagon,StoredValue FF,($1.80),$20.25 ,,$151.00 
14,11/17/2015 21:45,Entry,Metrorail,McPherson Square,,StoredValue FF,$0.00 ,$22.05 ,,$151.00 
13,11/17/2015 17:54,Exit,Metrorail,,McPherson Square,StoredValue FF,($2.20),$22.05 ,,$149.00 
11,11/13/2015 17:27,Transfer,Metrobus,16A,,StoredValue FF,$0.00 ,$24.25 ,,$149.00 
10,11/13/2015 17:16,Exit,Metrorail,,Pentagon,StoredValue FF,($1.70),$24.25 ,,$147.30 
9,11/13/2015 17:01,Transfer,Metrorail,,McPherson Square,StoredValue FF,$0.00 ,$25.95 ,,$160.00 
8,11/13/2015 16:37,Exit,Metrorail,,McPherson Square,StoredValue FF,($1.70),$25.95 ,,$160.00 
7,11/13/2015 16:24,Transfer,Metrorail,,Pentagon,StoredValue FF,$0.00 ,$27.65 ,,$157.90 
5,11/13/2015 16:09,Threshold Autoload,Metrobus,7P,,StoredValue FF,$20.00 ,$29.40 ,,$156.90 
6,11/13/2015 16:09,Entry,Metrobus,7P,,StoredValue FF,($1.75),$27.65 ,,$156.90 
4,11/12/2015 22:16,Transfer,Metrobus,16B,,StoredValue FF,($1.25),$9.40 ,,$155.70 
3,11/12/2015 22:11,Exit,Metrorail,McPherson Square,Pentagon,StoredValue FF,($1.80),$10.65 ,,$154.10 
2,11/12/2015 21:47,Entry,Metrorail,McPherson Square,,StoredValue FF,$0.00 ,$12.45 ,,$154.10 
1,11/12/2015 17:35,Exit,Metrorail,,McPherson Square,StoredValue FF,($1.70),$12.45 ,,$153.10 
0,11/12/2015 17:22,Transfer,Metrorail,,Pentagon,StoredValue FF,$0.00 ,$14.15 ,,$129.00 
15,11/12/2015 17:05,Entry,Metrobus,7P,,StoredValue FF,($1.75),$14.15 ,,$129.00 
14,11/10/2015 22:39,Transfer,Metrobus,16B,,StoredValue FF,($1.25),$15.90 ,,$129.00 
13,11/10/2015 22:35,Exit,Metrorail,McPherson Square,Pentagon,StoredValue FF,($1.80),$17.15 ,,$127.30 
12,11/10/2015 22:18,Entry,Metrorail,McPherson Square,,StoredValue FF,$0.00 ,$18.95 ,,$127.30 
11,11/10/2015 18:20,Exit,Metrorail,,McPherson Square,StoredValue FF,($1.70),$18.95 ,,$125.60 
10,11/10/2015 17:58,Transfer,Metrorail,,Pentagon,StoredValue FF,$0.00 ,$20.65 ,,$125.60 
9,11/10/2015 17:46,Entry,Metrobus,7P,,StoredValue FF,($1.75),$20.65 ,,$120.45 
8,11/5/2015 22:12,Transfer,Metrobus,16B,,StoredValue FF,($1.25),$22.40 ,,$118.85 
7,11/5/2015 22:03,Exit,Metrorail,McPherson Square,Pentagon,StoredValue FF,($1.80),$23.65 ,,$117.25 
6,11/5/2015 21:44,Entry,Metrorail,McPherson Square,,StoredValue FF,$0.00 ,$25.45 ,,$116.25 
5,11/5/2015 17:39,Exit,Metrorail,,McPherson Square,StoredValue FF,($1.70),$25.45 ,,$116.25 
2,11/5/2015 17:06,Threshold Autoload,Metrobus,7A,,StoredValue FF,$20.00 ,$28.90 ,,$116.25 
3,11/5/2015 17:06,Entry,Metrobus,7A,,StoredValue FF,($1.75),$27.15 ,,$114.15 
1,11/3/2015 22:07,Transfer,Metrobus,16B,,StoredValue FF,($1.25),$8.90 ,,$114.15 
0,11/3/2015 22:02,Exit,Metrorail,,Pentagon,StoredValue FF,($1.80),$10.15 ,,$112.45 
15,11/3/2015 21:47,Entry,Metrorail,McPherson Square,,StoredValue FF,$0.00 ,$11.95 ,,$112.45 
14,11/3/2015 18:04,Exit,Metrorail,,McPherson Square,StoredValue FF,($1.70),$11.95 ,,$110.75 
13,11/3/2015 17:42,Transfer,Metrorail,,Pentagon,StoredValue FF,$0.00 ,$13.65 ,,$109.15 
12,11/3/2015 17:28,Entry,Metrobus,7P,,StoredValue FF,($1.75),$13.65 ,,$109.15 
11,11/1/2015 1:37,Exit,Metrorail,U Street,Pentagon,StoredValue FF,($2.55),$15.40 ,,$107.45 
10,11/1/2015 1:10,Entry,Metrorail,U Street,,StoredValue FF,$0.00 ,$17.95 ,,$107.45 
9,10/29/2015 22:15,Transfer,Metrobus,16B,,StoredValue FF,($1.25),$17.95 ,,$105.75 
8,10/29/2015 22:08,Exit,Metrorail,McPherson Square,Pentagon,StoredValue FF,($1.80),$19.20 ,,$105.25 
7,10/29/2015 21:47,Entry,Metrorail,McPherson Square,,StoredValue FF,$0.00 ,$21.00 ,,$103.65 
6,10/29/2015 17:41,Exit,Metrorail,,McPherson Square,StoredValue FF,($1.70),$21.00 ,,$102.05 
5,10/29/2015 17:20,Transfer,Metrorail,,Pentagon,StoredValue FF,$0.00 ,$22.70 ,,$102.05 
4,10/29/2015 17:06,Entry,Metrobus,7A,,StoredValue FF,($1.75),$22.70 ,,$99.75 
3,10/27/2015 22:07,Transfer,Metrobus,16B,,StoredValue FF,($1.25),$24.45 ,,$130.00 
2,10/27/2015 22:02,Exit,Metrorail,McPherson Square,Pentagon,StoredValue FF,($1.80),$25.70 ,,$128.15 
1,10/27/2015 21:45,Entry,Metrorail,McPherson Square,,StoredValue FF,$0.00 ,$27.50 ,,$128.15 
0,10/27/2015 16:15,Exit,Metrorail,,McPherson Square,StoredValue FF,($1.70),$27.50 ,,$128.15 
15,10/27/2015 15:59,Transfer,Metrorail,,Pentagon,StoredValue FF,$0.00 ,$29.20 ,,$126.05 
14,10/27/2015 15:59,Threshold Autoload,Metrorail,Pentagon,,StoredValue FF,$20.00 ,$29.20 ,,$126.05 
13,10/27/2015 15:46,Entry,Metrobus,7A,,StoredValue FF,($1.75),$9.20 ,,$124.35 
12,10/26/2015 21:16,Transfer,Metrobus,16J,,StoredValue FF,($1.25),$10.95 ,,$0.00 
11,10/26/2015 21:00,Exit,Metrorail,U Street,Pentagon,StoredValue FF,($2.05),$12.20 ,,
10,10/26/2015 20:36,Entry,Metrorail,U Street,,StoredValue FF,$0.00 ,$14.25 ,,
9,10/26/2015 18:31,Exit,Metrorail,Pentagon City,U Street,StoredValue FF,($2.75),$14.25 ,,
8,10/26/2015 18:08,Entry,Metrorail,Pentagon City,,StoredValue FF,$0.00 ,$17.00 ,,
7,10/25/2015 17:12,Exit,Metrorail,Rosslyn,Pentagon City,StoredValue FF,($1.75),$17.00 ,,
6,10/25/2015 16:55,Entry,Metrorail,Rosslyn,,StoredValue FF,$0.00 ,$18.75 ,,
5,10/22/2015 21:53,Exit,Metrorail,McPherson Square,Pentagon,StoredValue FF,($1.80),$18.75 ,,
4,10/22/2015 21:40,Entry,Metrorail,McPherson Square,,StoredValue FF,$0.00 ,$20.55 ,,
3,10/22/2015 17:44,Exit,Metrorail,,McPherson Square,StoredValue FF,($1.70),$20.55 ,,
2,10/22/2015 17:23,Transfer,Metrorail,,Pentagon,StoredValue FF,$0.00 ,$22.25 ,,
1,10/22/2015 17:07,Entry,Metrobus,7P,,StoredValue FF,($1.75),$22.25 ,,
0,10/20/2015 21:55,Exit,Metrorail,,Pentagon,StoredValue FF,($1.80),$24.00 ,,
15,10/20/2015 21:40,Entry,Metrorail,McPherson Square,,StoredValue FF,$0.00 ,$25.80 ,,
14,10/20/2015 17:44,Exit,Metrorail,,McPherson Square,StoredValue FF,($1.70),$25.80 ,,
13,10/20/2015 17:24,Transfer,Metrorail,,Pentagon,StoredValue FF,$0.00 ,$27.50 ,,
11,10/20/2015 17:07,Threshold Autoload,Metrobus,7P,,StoredValue FF,$20.00 ,$29.25 ,,
12,10/20/2015 17:07,Entry,Metrobus,7P,,StoredValue FF,($1.75),$27.50 ,,
10,10/18/2015 17:39,Transfer,Metrobus,16P,,StoredValue FF,($1.25),$9.25 ,,
9,10/18/2015 17:16,Exit,Metrorail,Eastern Market,Pentagon City,StoredValue FF,($2.00),$10.50 ,,
8,10/18/2015 16:11,Entry,Metrorail,Eastern Market,,StoredValue FF,$0.00 ,$12.50 ,,
7,10/18/2015 12:39,Exit,Metrorail,Pentagon City,Eastern Market,StoredValue FF,($2.00),$12.50 ,,
6,10/18/2015 12:14,Entry,Metrorail,Pentagon City,,StoredValue FF,$0.00 ,$14.50 ,,
5,10/18/2015 1:39,Exit,Metrorail,Columbia Heights,Pentagon,StoredValue FF,($2.80),$14.50 ,,
4,10/18/2015 1:16,Entry,Metrorail,Columbia Heights,,StoredValue FF,$0.00 ,$17.30 ,,
3,10/17/2015 9:10,Exit,Metrorail,,Foggy Bottom,StoredValue FF,($1.25),$17.30 ,,
2,10/17/2015 8:31,Transfer,Metrorail,,Pentagon,StoredValue FF,$0.00 ,$18.55 ,,
1,10/17/2015 8:05,Entry,Metrobus,16J,,StoredValue FF,($1.75),$18.55 ,,
0,10/15/2015 22:27,Exit,Metrorail,,Pentagon,StoredValue FF,($1.80),$20.30 ,,
15,10/15/2015 22:02,Entry,Metrorail,McPherson Square,,StoredValue FF,$0.00 ,$22.10 ,,
14,10/15/2015 17:58,Exit,Metrorail,,McPherson Square,StoredValue FF,($1.70),$22.10 ,,
13,10/15/2015 17:26,Transfer,Metrorail,,Pentagon,StoredValue FF,$0.00 ,$23.80 ,,
12,10/15/2015 17:10,Entry,Metrobus,7P,,StoredValue FF,($1.75),$23.80 ,,
11,10/13/2015 22:12,Transfer,Metrobus,16B,,StoredValue FF,($1.25),$25.55 ,,
10,10/13/2015 22:05,Exit,Metrorail,McPherson Square,Pentagon,StoredValue FF,($1.80),$26.80 ,,
8,10/13/2015 21:46,Threshold Autoload,Metrorail,McPherson Square,,StoredValue FF,$20.00 ,$28.60 ,,
9,10/13/2015 21:46,Entry,Metrorail,McPherson Square,,StoredValue FF,$0.00 ,$28.60 ,,
7,10/13/2015 17:43,Exit,Metrorail,,McPherson Square,StoredValue FF,($1.70),$8.60 ,,
6,10/13/2015 17:23,Transfer,Metrorail,,Pentagon,StoredValue FF,$0.00 ,$10.30 ,,
5,10/13/2015 17:08,Entry,Metrobus,7A,,StoredValue FF,($1.75),$10.30 ,,
4,10/11/2015 18:59,Transfer,Metrobus,16B,,StoredValue FF,($1.25),$12.05 ,,
3,10/11/2015 18:31,Exit,Metrorail,L'Enfant Plaza,Pentagon,StoredValue FF,($1.75),$13.30 ,,
2,10/11/2015 18:17,Entry,Metrorail,L'Enfant Plaza,,StoredValue FF,$0.00 ,$15.05 ,,
1,10/11/2015 18:17,"Exit
Forced Exit",Metrorail,,L'Enfant Plaza,StoredValue FF,($1.25),$15.05 ,,
1,10/11/2015 18:16,"Exit
Entry/Exit Inverted",Metrorail,,L'Enfant Plaza,,$0.00 ,$16.30 ,,
1,10/11/2015 18:16,"Exit
Entry/Exit Inverted",Metrorail,,L'Enfant Plaza,,$0.00 ,$16.30 ,,
1,10/11/2015 18:16,"Exit
Entry/Exit Inverted",Metrorail,,L'Enfant Plaza,,$0.00 ,$16.30 ,,
1,10/11/2015 18:16,"Exit
Entry/Exit Inverted",Metrorail,,L'Enfant Plaza,,$0.00 ,$16.30 ,,
0,10/11/2015 13:29,Transfer,Metrorail,,Pentagon,StoredValue FF,$0.00 ,$16.30 ,,
15,10/11/2015 13:01,Entry,Metrobus,29N,,StoredValue FF,($1.75),$16.30 ,,
14,10/10/2015 22:23,Entry,Metrobus,28A,,StoredValue FF,($1.75),$18.05 ,,
13,10/9/2015 19:45,Transfer,Metrobus,16J,,StoredValue FF,($1.25),$19.80 ,,
12,10/9/2015 19:38,Exit,Metrorail,McPherson Square,Pentagon,StoredValue FF,($1.80),$21.05 ,,
11,10/9/2015 19:14,Entry,Metrorail,McPherson Square,,StoredValue FF,$0.00 ,$22.85 ,,
10,10/9/2015 16:44,Exit,Metrorail,,McPherson Square,StoredValue FF,($1.70),$22.85 ,,
9,10/9/2015 16:22,Transfer,Metrorail,,Pentagon,StoredValue FF,$0.00 ,$24.55 ,,
8,10/9/2015 16:06,Entry,Metrobus,7P,,StoredValue FF,($1.75),$24.55 ,,
7,10/8/2015 22:30,Transfer,Metrobus,16B,,StoredValue FF,($1.25),$26.30 ,,
6,10/8/2015 22:19,Exit,Metrorail,Farragut West,Pentagon,StoredValue FF,($1.80),$27.55 ,,
4,10/8/2015 21:55,Threshold Autoload,Metrorail,Farragut West,,StoredValue FF,$20.00 ,$29.35 ,,
5,10/8/2015 21:55,Entry,Metrorail,Farragut West,,StoredValue FF,$0.00 ,$29.35 ,,
3,10/8/2015 17:07,Exit,Metrorail,,Archives,StoredValue FF,($1.65),$9.35 ,,
2,10/8/2015 16:55,Transfer,Metrorail,,Pentagon,StoredValue FF,$0.00 ,$11.00 ,,
1,10/8/2015 16:39,Entry,Metrobus,7P,,StoredValue FF,($1.75),$11.00 ,,
0,10/6/2015 22:21,Transfer,Metrobus,16J,,StoredValue FF,($1.25),$12.75 ,,
15,10/6/2015 22:05,Exit,Metrorail,McPherson Square,Pentagon,StoredValue FF,($1.80),$14.00 ,,
14,10/6/2015 21:43,Entry,Metrorail,McPherson Square,,StoredValue FF,$0.00 ,$15.80 ,,
13,10/6/2015 18:04,Exit,Metrorail,,McPherson Square,StoredValue FF,($1.70),$15.80 ,,
12,10/6/2015 17:37,Transfer,Metrorail,,Pentagon,StoredValue FF,$0.00 ,$17.50 ,,
11,10/6/2015 17:25,Entry,Metrobus,7P,,StoredValue FF,($1.75),$17.50 ,,
10,10/1/2015 22:31,Transfer,Metrobus,16B,,StoredValue FF,($1.25),$19.25 ,,
9,10/1/2015 22:28,Exit,Metrorail,McPherson Square,Pentagon,StoredValue FF,($1.80),$20.50 ,,
8,10/1/2015 22:07,Entry,Metrorail,McPherson Square,,StoredValue FF,$0.00 ,$22.30 ,,
7,10/1/2015 18:18,Exit,Metrorail,,McPherson Square,StoredValue FF,($1.70),$22.30 ,,
6,10/1/2015 17:52,Transfer,Metrorail,,Pentagon,StoredValue FF,$0.00 ,$24.00 ,,
5,10/1/2015 17:36,Entry,Metrobus,7W,,StoredValue FF,($1.75),$24.00 ,,
4,9/29/2015 22:14,Transfer,Metrobus,16B,,StoredValue FF,($1.25),$25.75 ,,
3,9/29/2015 22:05,Exit,Metrorail,McPherson Square,Pentagon,StoredValue FF,($1.80),$27.00 ,,
1,9/29/2015 21:48,Threshold Autoload,Metrorail,McPherson Square,,StoredValue FF,$20.00 ,$28.80 ,,
2,9/29/2015 21:48,Entry,Metrorail,McPherson Square,,StoredValue FF,$0.00 ,$28.80 ,,
0,9/29/2015 18:24,Exit,Metrorail,,McPherson Square,StoredValue FF,($1.70),$8.80 ,,
15,9/29/2015 18:08,Transfer,Metrorail,,Pentagon,StoredValue FF,$0.00 ,$10.50 ,,
14,9/29/2015 17:36,Entry,Metrobus,16A,,StoredValue FF,($1.75),$10.50 ,,
13,9/29/2015 7:10,Transfer,Metrobus,16J,,StoredValue FF,($1.25),$12.25 ,,
12,9/29/2015 7:07,Exit,Metrorail,National Airport,Pentagon,StoredValue FF,($2.15),$13.50 ,,
11,9/29/2015 7:00,Entry,Metrorail,National Airport,,StoredValue FF,$0.00 ,$15.65 ,,
10,9/22/2015 22:06,Transfer,Metrobus,16B,,StoredValue FF,($1.25),$15.65 ,,
9,9/22/2015 22:03,Exit,Metrorail,McPherson Square,Pentagon,StoredValue FF,($1.80),$16.90 ,,
8,9/22/2015 21:47,Entry,Metrorail,McPherson Square,,StoredValue FF,$0.00 ,$18.70 ,,
7,9/22/2015 12:29,Transfer,Metrobus,16A,,StoredValue FF,$0.00 ,$18.70 ,,
6,9/22/2015 12:24,Exit,Metrorail,,Pentagon,StoredValue FF,($3.10),$18.70 ,,
5,9/22/2015 11:31,Transfer,Metrorail,,Greenbelt,StoredValue FF,$0.00 ,$21.80 ,,
3,9/22/2015 11:05,Threshold Autoload,Metrobus,B32,,StoredValue FF,$20.00 ,$28.80 ,,
4,9/22/2015 11:05,Entry,Metrobus,B33,,StoredValue FF,($7.00),$21.80 ,,
2,9/16/2015 21:53,Exit,Metrorail,,Union Station,StoredValue FF,($1.45),$8.80 ,,
1,9/16/2015 21:20,Transfer,Metrorail,,Pentagon,StoredValue FF,$0.00 ,$10.25 ,,
0,9/16/2015 20:48,Entry,Metrobus,16J,,StoredValue FF,($1.75),$10.25 ,,
15,9/16/2015 18:59,Transfer,Metrobus,16A,,StoredValue FF,($1.25),$12.00 ,,
14,9/16/2015 18:57,Exit,Metrorail,,Pentagon,StoredValue FF,($2.80),$13.25 ,,
13,9/16/2015 18:30,Entry,Metrorail,Woodley Park-Zoo,,StoredValue FF,$0.00 ,$16.05 ,,
12,9/16/2015 15:23,Exit,Metrorail,Foggy Bottom,Woodley Park-Zoo,StoredValue FF,($2.15),$16.05 ,,
11,9/16/2015 15:00,Entry,Metrorail,Foggy Bottom,,StoredValue FF,$0.00 ,$18.20 ,,
10,9/16/2015 13:41,Exit,Metrorail,,Rosslyn,StoredValue FF,($1.25),$18.20 ,,
9,9/16/2015 13:21,Transfer,Metrorail,,Pentagon,StoredValue FF,$0.00 ,$19.45 ,,
8,9/16/2015 12:54,Entry,Metrobus,16A,,StoredValue FF,($1.75),$19.45 ,,
7,9/13/2015 17:49,Exit,Metrorail,Dupont Circle,National Airport,StoredValue FF,($2.30),$21.20 ,,
6,9/13/2015 16:50,Entry,Metrorail,Dupont Circle,,StoredValue FF,$0.00 ,$23.50 ,,
5,9/13/2015 13:00,Exit,Metrorail,National Airport,National Airport,StoredValue FF,($1.75),$23.50 ,,
4,9/13/2015 12:56,Entry,Metrorail,National Airport,,StoredValue FF,$0.00 ,$25.25 ,,
3,9/7/2015 23:59,Transfer,Metrobus,16E,,StoredValue FF,($1.25),$25.25 ,,
2,9/7/2015 23:54,Exit,Metrorail,Union Station,Pentagon,StoredValue FF,($1.95),$26.50 ,,
1,9/7/2015 23:12,Entry,Metrorail,Union Station,,StoredValue FF,$0.00 ,$28.45 ,,
0,8/31/2015 0:26,Transfer,Metrobus,16E,,StoredValue FF,($1.25),$28.45 ,,
15,8/31/2015 0:26,Threshold Autoload,Metrobus,16E,,StoredValue FF,$20.00 ,$29.70 ,,
14,8/31/2015 0:10,Exit,Metrorail,Union Station,Pentagon,StoredValue FF,($1.95),$9.70 ,,
13,8/30/2015 23:20,Entry,Metrorail,Union Station,,StoredValue FF,$0.00 ,$11.65 ,,
12,8/28/2015 17:39,Exit,Metrorail,,Union Station,StoredValue FF,($1.90),$11.65 ,,
11,8/28/2015 17:16,Transfer,Metrorail,,Pentagon,StoredValue FF,$0.00 ,$13.55 ,,
10,8/28/2015 17:07,Entry,Metrobus,7P,,StoredValue FF,($1.75),$13.55 ,,
9,8/22/2015 23:14,Transfer,Metrobus,16E,,StoredValue FF,($1.25),$15.30 ,,
8,8/22/2015 23:00,Exit,Metrorail,National Airport,Pentagon,StoredValue FF,($1.75),$16.55 ,,
7,8/22/2015 22:43,Entry,Metrorail,National Airport,,StoredValue FF,$0.00 ,$18.30 ,,
6,8/15/2015 14:49,Transfer,Metrobus,B31,,StoredValue FF,($5.25),$18.30 ,,
5,8/15/2015 14:24,Exit,Metrorail,,Greenbelt,StoredValue FF,($3.10),$23.55 ,,
4,8/15/2015 13:38,Transfer,Metrorail,,Pentagon,StoredValue FF,$0.00 ,$26.65 ,,
3,8/15/2015 13:12,Entry,Metrobus,16B,,StoredValue FF,($1.75),$26.65 ,,
2,8/14/2015 23:38,Transfer,Metrobus,TEST - TEST LINE,,StoredValue FF,($1.25),$28.40 ,,
1,8/14/2015 23:38,Threshold Autoload,Metrobus,TEST - TEST LINE,,StoredValue FF,$20.00 ,$29.65 ,,
0,8/14/2015 23:13,Exit,Metrorail,,Pentagon,StoredValue FF,($1.75),$9.65 ,,
15,8/14/2015 22:57,Entry,Metrorail,Archives,,StoredValue FF,$0.00 ,$11.40 ,,
14,8/14/2015 17:28,Exit,Metrorail,,Archives,StoredValue FF,($1.65),$11.40 ,,
13,8/14/2015 17:20,Transfer,Metrorail,,Pentagon,StoredValue FF,$0.00 ,$13.05 ,,
12,8/14/2015 17:10,Entry,Metrobus,7P,,StoredValue FF,($1.75),$13.05 ,,
11,8/9/2015 16:00,Transfer,Metrobus,16B,,StoredValue FF,($1.25),$14.80 ,,
10,8/9/2015 15:49,Exit,Metrorail,New Carrollton,Pentagon,StoredValue FF,($3.60),$16.05 ,,
9,8/9/2015 14:57,Entry,Metrorail,New Carrollton,,StoredValue FF,$0.00 ,$19.65 ,,
8,8/7/2015 20:10,Entry,Metrobus,28A,,StoredValue FF,($1.75),$19.65 ,,
7,7/22/2015 23:21,Transfer,Metrobus,16B,,StoredValue FF,($1.25),$21.40 ,,
6,7/22/2015 23:10,Exit,Metrorail,Foggy Bottom,Pentagon,StoredValue FF,($1.75),$22.65 ,,
5,7/22/2015 22:43,Entry,Metrorail,Foggy Bottom,,StoredValue FF,$0.00 ,$24.40 ,,
4,7/22/2015 17:50,Entry,Metrobus,7C,,StoredValue FF,($1.75),$24.40 ,,
3,7/21/2015 20:49,Entry,Metrobus,28A,,StoredValue FF,($1.75),$26.15 ,,
1,7/21/2015 15:44,Threshold Autoload,Metrobus,28X,,StoredValue FF,$20.00 ,$29.65 ,,
2,7/21/2015 15:44,Entry,Metrobus,28X,,StoredValue FF,($1.75),$27.90 ,,
0,7/16/2015 20:16,Transfer,Metrobus,16J,,StoredValue FF,($1.25),$9.65 ,,
15,7/16/2015 19:56,Exit,Metrorail,,Pentagon,StoredValue FF,($1.80),$10.90 ,,
14,7/16/2015 19:40,Entry,Metrorail,McPherson Square,,StoredValue FF,$0.00 ,$12.70 ,,
13,7/16/2015 18:05,Exit,Metrorail,,McPherson Square,StoredValue FF,($1.70),$12.70 ,,
12,7/16/2015 17:44,Transfer,Metrorail,,Pentagon,StoredValue FF,$0.00 ,$14.40 ,,
11,7/16/2015 17:29,Entry,Metrobus,7P,,StoredValue FF,($1.75),$14.40 ,,
10,7/11/2015 21:15,Transfer,Metrobus,16J,,StoredValue FF,($1.25),$16.15 ,,
9,7/11/2015 20:59,Exit,Metrorail,L'Enfant Plaza,Pentagon,StoredValue FF,($1.75),$17.40 ,,
8,7/11/2015 20:46,Entry,Metrorail,L'Enfant Plaza,,StoredValue FF,$0.00 ,$19.15 ,,
7,7/11/2015 17:09,Exit,Metrorail,,L'Enfant Plaza,StoredValue FF,($1.25),$19.15 ,,
6,7/11/2015 16:56,Transfer,Metrorail,,Pentagon,StoredValue FF,$0.00 ,$20.40 ,,
5,7/11/2015 16:48,Entry,Metrobus,7F,,StoredValue FF,($1.75),$20.40 ,,
4,6/26/2015 22:05,Transfer,Metrobus,16B,,StoredValue FF,($1.25),$22.15 ,,
3,6/26/2015 21:56,Exit,Metrorail,Gallery Place,Pentagon,StoredValue FF,($1.75),$23.40 ,,
2,6/26/2015 21:30,Entry,Metrorail,Gallery Place,,StoredValue FF,$0.00 ,$25.15 ,,
1,6/26/2015 17:51,Exit,Metrorail,,Archives,StoredValue FF,($1.65),$25.15 ,,
0,6/26/2015 17:43,Transfer,Metrorail,,Pentagon,StoredValue FF,$0.00 ,$26.80 ,,
15,6/26/2015 17:30,Entry,Metrobus,7P,,StoredValue FF,($1.75),$26.80 ,,
13,6/25/2015 23:03,Threshold Autoload,Metrobus,16B,,StoredValue FF,$20.00 ,$29.80 ,,
14,6/25/2015 23:03,Transfer,Metrobus,16B,,StoredValue FF,($1.25),$28.55 ,,
12,6/25/2015 22:50,Exit,Metrorail,Franconia-Springfield,Pentagon,StoredValue FF,($3.60),$9.80 ,,
11,6/25/2015 22:14,Entry,Metrorail,Franconia-Springfield,,StoredValue FF,$0.00 ,$13.40 ,,
10,6/25/2015 18:35,Transfer,FFC Bus,623,,StoredValue FF,$0.00 ,$13.40 ,,
9,6/25/2015 18:23,Exit,Metrorail,,Vienna,StoredValue FF,($4.65),$13.40 ,,
8,6/25/2015 17:19,Transfer,Metrorail,,Pentagon,StoredValue FF,$0.00 ,$18.05 ,,
7,6/25/2015 17:08,Entry,Metrobus,7P,,StoredValue FF,($1.75),$18.05 ,,
6,6/19/2015 20:50,Entry,Metrobus,28A,,StoredValue FF,($1.75),$19.80 ,,
5,6/14/2015 15:38,Transfer,Metrobus,16P,,StoredValue FF,$0.00 ,$21.55 ,,
4,6/14/2015 15:18,Exit,Metrorail,,Pentagon,StoredValue FF,($3.10),$21.55 ,,
3,6/14/2015 14:32,Transfer,Metrorail,,College Park,StoredValue FF,$0.00 ,$24.65 ,,
2,6/14/2015 14:18,Threshold Autoload,Metrobus,Northern,,StoredValue FF,$20.00 ,$24.65 ,,
1,6/14/2015 13:47,Entry,Metrobus,B30,,StoredValue FF,($7.00),$4.65 ,,
0,6/13/2015 8:18,Exit,Metrorail,,Union Station,StoredValue FF,($1.45),$11.65 ,,
15,6/13/2015 7:47,Transfer,Metrorail,,Pentagon,StoredValue FF,$0.00 ,$13.10 ,,
14,6/13/2015 7:15,Entry,Metrobus,16B,,StoredValue FF,($1.75),$13.10 ,,
13,6/12/2015 18:59,Entry,Metrobus,28A,,StoredValue FF,($1.75),$14.85 ,,
12,6/12/2015 14:18,Entry,Metrobus,28A,,StoredValue FF,($1.75),$16.60 ,,
11,6/1/2015 16:10,Entry,Metrobus,29K,,StoredValue FF,($1.75),$18.35 ,,
10,6/1/2015 12:02,Entry,FFC Bus,306,,StoredValue FF,($1.75),$20.10 ,,
9,5/30/2015 6:33,Entry,Metrobus,16B,,StoredValue FF,($1.75),$21.85 ,,
8,5/28/2015 21:58,Transfer,Metrobus,7A,,StoredValue FF,($1.25),$23.60 ,,
7,5/28/2015 21:48,Exit,Metrorail,Foggy Bottom,Pentagon,StoredValue FF,($1.75),$24.85 ,,
6,5/28/2015 21:34,Entry,Metrorail,Foggy Bottom,,StoredValue FF,$0.00 ,$26.60 ,,
5,5/21/2015 21:40,Transfer,Metrobus,16A,,StoredValue FF,($1.25),$26.60 ,,
4,5/21/2015 21:35,Exit,Metrorail,,Pentagon,StoredValue FF,($1.75),$27.85 ,,
1,5/21/2015 17:31,Exit,Metrorail,,Gallery Place,StoredValue FF,($1.65),$9.60 ,,
0,5/21/2015 17:17,Transfer,Metrorail,,Pentagon,StoredValue FF,$0.00 ,$11.25 ,,
15,5/21/2015 17:07,Entry,Metrobus,7P,,StoredValue FF,($1.75),$11.25 ,,
14,5/20/2015 18:00,Transfer,FFC Bus,623,,StoredValue FF,$0.00 ,$13.00 ,,
13,5/20/2015 17:58,Exit,Metrorail,,Vienna,StoredValue FF,($4.65),$13.00 ,,
12,5/20/2015 17:16,Transfer,Metrorail,,Pentagon,StoredValue FF,$0.00 ,$17.65 ,,
11,5/20/2015 17:07,Entry,Metrobus,7P,,StoredValue FF,($1.75),$17.65 ,,
10,5/13/2015 18:03,Transfer,Metrobus,2B,,StoredValue FF,$0.00 ,$19.40 ,,
9,5/13/2015 17:58,Exit,Metrorail,,Vienna,StoredValue FF,($4.65),$19.40 ,,
8,5/13/2015 17:18,Transfer,Metrorail,,Pentagon,StoredValue FF,$0.00 ,$24.05 ,,
7,5/13/2015 17:04,Entry,Metrobus,7P,,StoredValue FF,($1.75),$24.05 ,,
6,5/8/2015 13:25,Entry,Metrobus,7F,,StoredValue FF,($1.75),$25.80 ,,
5,5/8/2015 13:21,Exit,Metrorail,,Pentagon,StoredValue FF,($1.25),$27.55 ,,
4,5/8/2015 13:06,Transfer,Metrorail,,L'Enfant Plaza,StoredValue FF,$0.00 ,$28.80 ,,
3,5/8/2015 13:06,Threshold Autoload,Metrorail,L'Enfant Plaza,,StoredValue FF,$20.00 ,$28.80 ,,
2,5/8/2015 11:46,Exit,Metrorail,,Archives,StoredValue FF,($1.25),$8.80 ,,
1,5/8/2015 11:32,Transfer,Metrorail,,Pentagon,StoredValue FF,$0.00 ,$10.05 ,,
0,5/8/2015 11:19,Entry,Metrobus,7F,,StoredValue FF,($1.75),$10.05 ,,
15,5/6/2015 18:00,Transfer,FFC Bus,623,,StoredValue FF,$0.00 ,$11.80 ,,
14,5/6/2015 17:59,Exit,Metrorail,,Vienna,StoredValue FF,($4.65),$11.80 ,,
13,5/6/2015 17:17,Transfer,Metrorail,,Pentagon,StoredValue FF,$0.00 ,$16.45 ,,
12,5/6/2015 17:06,Entry,Metrobus,7P,,StoredValue FF,($1.75),$16.45 ,,
11,5/3/2015 11:00,Transfer,Metrobus,16P,,StoredValue FF,$0.00 ,$18.20 ,,
10,5/3/2015 10:47,Exit,Metrorail,,Pentagon,StoredValue FF,($1.30),$18.20 ,,
9,5/3/2015 10:15,Transfer,Metrorail,,Farragut West,StoredValue FF,$0.00 ,$19.50 ,,
8,5/3/2015 10:02,Entry,Metrobus,L4,,StoredValue FF,($1.75),$19.50 ,,
7,5/2/2015 22:11,Transfer,DC Circulator,Woodley - AdMo,,StoredValue FF,$0.00 ,$21.25 ,,
6,5/2/2015 22:07,Exit,Metrorail,,Woodley Park-Zoo,StoredValue FF,($1.70),$21.25 ,,
5,5/2/2015 21:34,Transfer,Metrorail,,Pentagon,StoredValue FF,$0.00 ,$22.95 ,,
4,5/2/2015 21:06,Entry,Metrobus,16B,,StoredValue FF,($1.75),$22.95 ,,
3,4/25/2015 17:02,Transfer,Metrobus,16B,,StoredValue FF,($1.25),$24.70 ,,
2,4/25/2015 16:45,Exit,Metrorail,Gallery Place,Pentagon,StoredValue FF,($1.75),$25.95 ,,
1,4/25/2015 16:28,Entry,Metrorail,Gallery Place,,StoredValue FF,$0.00 ,$27.70 ,,
0,4/25/2015 12:26,Exit,Metrorail,,Gallery Place,StoredValue FF,($1.25),$27.70 ,,
15,4/25/2015 12:10,Transfer,Metrorail,,Pentagon,StoredValue FF,$0.00 ,$28.95 ,,
14,4/25/2015 12:10,Threshold Autoload,Metrorail,Pentagon,,StoredValue FF,$20.00 ,$28.95 ,,
13,4/25/2015 11:40,Entry,Metrobus,16J,,StoredValue FF,($1.75),$8.95 ,,
12,4/19/2015 2:13,Transfer,Metrobus,16E,,StoredValue FF,($1.25),$10.70 ,,
11,4/19/2015 2:03,Exit,Metrorail,Foggy Bottom,Pentagon,StoredValue FF,($2.15),$11.95 ,,
10,4/19/2015 1:46,Entry,Metrorail,Foggy Bottom,,StoredValue FF,$0.00 ,$14.10 ,,
9,4/18/2015 21:59,Entry,DC Circulator,Rosslyn - Dupont,,StoredValue FF,($1.00),$14.10 ,,
8,4/18/2015 13:19,Exit,Metrorail,,Foggy Bottom,StoredValue FF,($1.25),$15.10 ,,
7,4/18/2015 13:06,Transfer,Metrorail,,Pentagon,StoredValue FF,$0.00 ,$16.35 ,,
6,4/18/2015 12:36,Entry,Metrobus,16B,,StoredValue FF,($1.75),$16.35 ,,
5,4/14/2015 17:53,Transfer,Metrobus,28A,,StoredValue FF,($0.15),$18.10 ,,
4,4/14/2015 17:24,Entry,DASH Bus,6,,StoredValue FF,($1.60),$18.25 ,,
3,4/12/2015 11:36,Exit,Metrorail,Pentagon,Archives,StoredValue FF,($1.75),$19.85 ,,
2,4/12/2015 11:14,Entry,Metrorail,Pentagon,,StoredValue FF,$0.00 ,$21.60 ,,
1,4/11/2015 19:48,Exit,Metrorail,Smithsonian,King Street,StoredValue FF,($2.75),$21.60 ,,
0,4/11/2015 18:54,Entry,Metrorail,Smithsonian,,StoredValue FF,$0.00 ,$24.35 ,,
15,4/11/2015 14:29,Exit,Metrorail,King Street,Foggy Bottom,StoredValue FF,($2.90),$24.35 ,,
14,4/11/2015 14:02,Entry,Metrorail,King Street,,StoredValue FF,$0.00 ,$27.25 ,,
12,4/9/2015 21:52,Threshold Autoload,Metrobus,28A,,StoredValue FF,$20.00 ,$29.00 ,,
13,4/9/2015 21:52,Entry,Metrobus,28A,,StoredValue FF,($1.75),$27.25 ,,
11,4/4/2015 22:45,Transfer,Metrobus,16J,,StoredValue FF,($1.25),$9.00 ,,
10,4/4/2015 22:33,Exit,Metrorail,Union Station,Pentagon,StoredValue FF,($1.95),$10.25 ,,
9,4/4/2015 22:07,Entry,Metrorail,Union Station,,StoredValue FF,$0.00 ,$12.20 ,,
8,4/4/2015 8:30,Exit,Metrorail,,Union Station,StoredValue FF,($1.45),$12.20 ,,
7,4/4/2015 8:00,Transfer,Metrorail,,Pentagon,StoredValue FF,$0.00 ,$13.65 ,,
6,4/4/2015 7:31,Entry,Metrobus,16J,,StoredValue FF,($1.75),$13.65 ,,
5,4/3/2015 15:33,Transfer,Metrobus,28A,,StoredValue FF,($0.15),$15.40 ,,
4,4/3/2015 15:22,Entry,DASH Bus,6,,StoredValue FF,($1.60),$15.55 ,,
3,3/26/2015 22:03,Transfer,Metrobus,16B,,StoredValue FF,($1.25),$17.15 ,,
2,3/26/2015 22:00,Exit,Metrorail,Rosslyn,Pentagon,StoredValue FF,($1.75),$18.40 ,,
1,3/26/2015 21:44,Entry,Metrorail,Rosslyn,,StoredValue FF,$0.00 ,$20.15 ,,
0,3/21/2015 23:23,Transfer,Metrobus,16E,,StoredValue FF,($1.25),$20.15 ,,
15,3/21/2015 23:16,Exit,Metrorail,Crystal City,Pentagon,StoredValue FF,($1.75),$21.40 ,,
14,3/21/2015 22:53,Entry,Metrorail,Crystal City,,StoredValue FF,$0.00 ,$23.15 ,,
13,3/21/2015 19:26,Exit,Metrorail,Archives,Crystal City,StoredValue FF,($1.90),$23.15 ,,
12,3/21/2015 18:55,Entry,Metrorail,Archives,,StoredValue FF,$0.00 ,$25.05 ,,
11,3/21/2015 17:15,Exit,Metrorail,,Archives,StoredValue FF,($1.25),$25.05 ,,
10,3/21/2015 16:44,Transfer,Metrorail,,Pentagon,StoredValue FF,$0.00 ,$26.30 ,,
9,3/21/2015 16:11,Entry,Metrobus,16J,,StoredValue FF,($1.75),$26.30 ,,
8,3/20/2015 19:19,Transfer,Metrobus,28A,,StoredValue FF,($0.15),$28.05 ,,
6,3/20/2015 18:53,Threshold Autoload,DASH Bus,6,,StoredValue FF,$20.00 ,$29.80 ,,
7,3/20/2015 18:53,Entry,DASH Bus,6,,StoredValue FF,($1.60),$28.20 ,,
5,3/15/2015 16:15,Entry,Metrobus,28A,,StoredValue FF,($1.75),$9.80 ,,
4,3/15/2015 12:14,Entry,Metrobus,28A,,StoredValue FF,($1.75),$11.55 ,,
3,3/10/2015 18:56,Transfer,Metrobus,28A,,StoredValue FF,($0.15),$13.30 ,,
2,3/10/2015 18:45,Entry,DASH Bus,6,,StoredValue FF,($1.60),$13.45 ,,
1,3/4/2015 18:11,Transfer,Metrobus,28A,,StoredValue FF,($0.15),$15.05 ,,
0,3/4/2015 18:04,Entry,DASH Bus,6,,StoredValue FF,($1.60),$15.20 ,,
15,2/25/2015 22:19,Transfer,Metrobus,16A,,StoredValue FF,($1.25),$16.80 ,,
14,2/25/2015 22:17,Exit,Metrorail,Foggy Bottom,Pentagon,StoredValue FF,($1.75),$18.05 ,,
13,2/25/2015 21:41,Entry,Metrorail,Foggy Bottom,,StoredValue FF,$0.00 ,$19.80 ,,
12,2/25/2015 17:32,Exit,Metrorail,,Foggy Bottom,StoredValue FF,($1.65),$19.80 ,,
11,2/25/2015 17:16,Transfer,Metrorail,,Pentagon,StoredValue FF,$0.00 ,$21.45 ,,
10,2/25/2015 17:04,Entry,Metrobus,7P,,StoredValue FF,($1.75),$21.45 ,,
9,2/24/2015 22:04,Transfer,Metrobus,16B,,StoredValue FF,($1.25),$23.20 ,,
8,2/24/2015 21:58,Exit,Metrorail,Gallery Place,Pentagon,StoredValue FF,($1.75),$24.45 ,,
7,2/24/2015 21:48,Entry,Metrorail,Gallery Place,,StoredValue FF,$0.00 ,$26.20 ,,
6,2/24/2015 18:35,Exit,Metrorail,,Gallery Place,StoredValue FF,($1.65),$26.20 ,,
5,2/24/2015 17:59,Transfer,Metrorail,,Pentagon,StoredValue FF,$0.00 ,$27.85 ,,
3,2/24/2015 17:49,Threshold Autoload,Metrobus,7P,,StoredValue FF,$20.00 ,$29.60 ,,
4,2/24/2015 17:49,Entry,Metrobus,7P,,StoredValue FF,($1.75),$27.85 ,,
2,2/18/2015 20:02,Entry,Metrobus,28A,,StoredValue FF,($1.75),$9.60 ,,
1,2/18/2015 17:20,Transfer,Metrobus,28A,,StoredValue FF,($0.15),$11.35 ,,
0,2/18/2015 17:08,Entry,DASH Bus,6,,StoredValue FF,($1.60),$11.50 ,,
15,2/15/2015 10:57,Transfer,Metrobus,16P,,StoredValue FF,$0.00 ,$13.10 ,,
14,2/15/2015 10:55,Exit,Metrorail,,Pentagon,StoredValue FF,($1.30),$13.10 ,,
13,2/15/2015 10:18,Transfer,Metrorail,,Farragut West,StoredValue FF,$0.00 ,$14.40 ,,
12,2/15/2015 10:01,Entry,Metrobus,30S,,StoredValue FF,($1.75),$14.40 ,,
11,2/14/2015 18:32,Transfer,Metrobus,L3,,StoredValue FF,$0.00 ,$16.15 ,,
10,2/14/2015 18:21,Exit,Metrorail,,Farragut West,StoredValue FF,($1.30),$16.15 ,,
9,2/14/2015 18:04,Transfer,Metrorail,,Pentagon,StoredValue FF,$0.00 ,$17.45 ,,
8,2/14/2015 17:36,Entry,Metrobus,16B,,StoredValue FF,($1.75),$17.45 ,,
7,2/10/2015 17:20,Transfer,Metrobus,28A,,StoredValue FF,($0.15),$19.20 ,,
6,2/10/2015 17:10,Entry,DASH Bus,6,,StoredValue FF,($1.60),$19.35 ,,
5,2/9/2015 18:16,Transfer,Metrobus,28A,,StoredValue FF,($0.15),$20.95 ,,
4,2/9/2015 17:54,Entry,DASH Bus,6,,StoredValue FF,($1.60),$21.10 ,,
3,2/6/2015 17:23,Transfer,Metrobus,28X,,StoredValue FF,($0.15),$22.70 ,,
2,2/6/2015 17:07,Entry,DASH Bus,6,,StoredValue FF,($1.60),$22.85 ,,
1,2/5/2015 17:48,Transfer,Metrobus,28A,,StoredValue FF,($0.15),$24.45 ,,
0,2/5/2015 17:08,Entry,DASH Bus,6,,StoredValue FF,($1.60),$24.60 ,,
15,2/4/2015 17:43,Transfer,Metrobus,28A,,StoredValue FF,($0.15),$26.20 ,,
14,2/4/2015 17:10,Entry,DASH Bus,6,,StoredValue FF,($1.60),$26.35 ,,
13,2/3/2015 17:40,Transfer,Metrobus,28A,,StoredValue FF,($0.15),$27.95 ,,
11,2/3/2015 17:24,Threshold Autoload,DASH Bus,6,,StoredValue FF,$20.00 ,$29.70 ,,
12,2/3/2015 17:24,Entry,DASH Bus,6,,StoredValue FF,($1.60),$28.10 ,,
10,2/2/2015 0:29,Transfer,Metrobus,16E,,StoredValue FF,($1.25),$9.70 ,,
9,2/2/2015 0:17,Exit,Metrorail,New York Ave,Pentagon,StoredValue FF,($2.10),$10.95 ,,
8,2/1/2015 23:02,Entry,Metrorail,New York Ave,,StoredValue FF,$0.00 ,$13.05 ,,
7,2/1/2015 17:50,Exit,Metrorail,,New York Ave,StoredValue FF,($1.60),$13.05 ,,
6,2/1/2015 17:27,Transfer,Metrorail,,Pentagon,StoredValue FF,$0.00 ,$14.65 ,,
5,2/1/2015 16:49,Entry,Metrobus,16B,,StoredValue FF,($1.75),$14.65 ,,
4,1/31/2015 22:35,Transfer,Metrobus,16B,,StoredValue FF,($1.25),$16.40 ,,
3,1/31/2015 22:02,Exit,Metrorail,Gallery Place,Pentagon,StoredValue FF,($1.75),$17.65 ,,
2,1/31/2015 21:47,Entry,Metrorail,Gallery Place,,StoredValue FF,$0.00 ,$19.40 ,,
1,1/31/2015 17:52,Exit,Metrorail,,Mt Vernon Square,StoredValue FF,($1.35),$19.40 ,,
0,1/31/2015 17:35,Transfer,Metrorail,,Pentagon,StoredValue FF,$0.00 ,$20.75 ,,
15,1/31/2015 16:59,Entry,Metrobus,16B,,StoredValue FF,($1.75),$20.75 ,,
14,1/31/2015 1:46,Exit,Metrorail,Foggy Bottom,Pentagon,StoredValue FF,($2.15),$22.50 ,,
13,1/31/2015 1:30,Entry,Metrorail,Foggy Bottom,,StoredValue FF,$0.00 ,$24.65 ,,
12,1/30/2015 21:24,Exit,Metrorail,,Dupont Circle,StoredValue FF,($1.45),$24.65 ,,
11,1/30/2015 20:54,Transfer,Metrorail,,Pentagon,StoredValue FF,$0.00 ,$26.10 ,,
10,1/30/2015 20:31,Entry,Metrobus,16A,,StoredValue FF,($1.75),$26.10 ,,
9,1/30/2015 17:10,Transfer,Metrobus,28A,,StoredValue FF,($0.15),$27.85 ,,
8,1/30/2015 16:46,Entry,DASH Bus,6,,StoredValue FF,($1.60),$28.00 ,,
6,1/29/2015 17:24,Threshold Autoload,Metrobus,28A,,StoredValue FF,$20.00 ,$29.75 ,,
7,1/29/2015 17:24,Transfer,Metrobus,28A,,StoredValue FF,($0.15),$29.60 ,,
5,1/29/2015 17:07,Entry,DASH Bus,6,,StoredValue FF,($1.60),$9.75 ,,
4,1/28/2015 17:40,Entry,DASH Bus,6,,StoredValue FF,($1.60),$11.35 ,,
3,1/27/2015 17:38,Transfer,Metrobus,28A,,StoredValue FF,($0.15),$12.95 ,,
2,1/27/2015 17:08,Entry,DASH Bus,6,,StoredValue FF,($1.60),$13.10 ,,
1,1/25/2015 16:02,Transfer,Metrobus,16B,,StoredValue FF,($1.25),$14.70 ,,
0,1/25/2015 15:33,Exit,Metrorail,,Pentagon,StoredValue FF,($1.75),$15.95 ,,
15,1/25/2015 15:15,Entry,Metrorail,L'Enfant Plaza,,StoredValue FF,$0.00 ,$17.70 ,,
14,1/25/2015 13:26,Exit,Metrorail,,L'Enfant Plaza,StoredValue FF,($1.25),$17.70 ,,
13,1/25/2015 13:05,Transfer,Metrorail,,Farragut West,StoredValue FF,$0.00 ,$18.95 ,,
12,1/25/2015 12:46,Transfer,DC Circulator,Georgetown - Union,,StoredValue FF,$0.00 ,$18.95 ,,
11,1/25/2015 12:13,Transfer,DC Circulator,Rosslyn - Dupont,,StoredValue FF,$0.00 ,$18.95 ,,
10,1/25/2015 12:04,Exit,Metrorail,,Rosslyn,StoredValue FF,($1.25),$18.95 ,,
9,1/25/2015 11:41,Transfer,Metrorail,,Pentagon,StoredValue FF,$0.00 ,$20.20 ,,
8,1/25/2015 11:13,Entry,Metrobus,16P,,StoredValue FF,($1.75),$20.20 ,,
7,1/24/2015 15:01,Transfer,Metrobus,16B,,StoredValue FF,($1.25),$21.95 ,,
6,1/24/2015 14:58,Exit,Metrorail,L'Enfant Plaza,Pentagon,StoredValue FF,($1.75),$23.20 ,,
5,1/24/2015 14:36,Entry,Metrorail,L'Enfant Plaza,,StoredValue FF,$0.00 ,$24.95 ,,
4,1/24/2015 11:22,Entry,Metrobus,42,,StoredValue FF,($1.75),$24.95 ,,
3,1/23/2015 22:11,Transfer,Metrobus,42,,StoredValue FF,$0.00 ,$26.70 ,,
2,1/23/2015 22:01,Exit,Metrorail,,Farragut West,StoredValue FF,($1.30),$26.70 ,,
1,1/23/2015 21:42,Transfer,Metrorail,,Pentagon,StoredValue FF,$0.00 ,$28.00 ,,
0,1/23/2015 21:17,Entry,Metrobus,16A,,StoredValue FF,($1.75),$28.00 ,,
14,1/22/2015 17:04,Threshold Autoload,Metrobus,28A,,StoredValue FF,$20.00 ,$29.90 ,,
15,1/22/2015 17:04,Transfer,Metrobus,28A,,StoredValue FF,($0.15),$29.75 ,,
13,1/22/2015 16:54,Entry,DASH Bus,6,,StoredValue FF,($1.60),$9.90 ,,
12,1/20/2015 17:42,Entry,DASH Bus,6,,StoredValue FF,($1.60),$11.50 ,,
11,1/15/2015 17:12,Transfer,Metrobus,28A,,StoredValue FF,($0.15),$13.10 ,,
10,1/15/2015 16:54,Entry,DASH Bus,6,,StoredValue FF,($1.60),$13.25 ,,
9,1/14/2015 18:12,Entry,DASH Bus,6,,StoredValue FF,($1.60),$14.85 ,,
8,1/13/2015 19:39,Transfer,Metrobus,28A,,StoredValue FF,($0.15),$16.45 ,,
7,1/13/2015 19:26,Entry,DASH Bus,6,,StoredValue FF,($1.60),$16.60 ,,
6,1/11/2015 16:00,Transfer,Metrobus,16B,,StoredValue FF,($1.25),$18.20 ,,
5,1/11/2015 15:55,Exit,Metrorail,Vienna,Pentagon,StoredValue FF,($3.60),$19.45 ,,
4,1/11/2015 15:10,Entry,Metrorail,Vienna,,StoredValue FF,$0.00 ,$23.05 ,,
3,1/7/2015 17:45,Transfer,Metrobus,28A,,StoredValue FF,($0.15),$23.05 ,,
2,1/7/2015 17:26,Entry,DASH Bus,6,,StoredValue FF,($1.60),$23.20 ,,
1,1/6/2015 17:08,Transfer,Metrobus,28A,,StoredValue FF,($0.15),$24.80 ,,
0,1/6/2015 16:54,Entry,DASH Bus,6,,StoredValue FF,($1.60),$24.95 ,,
15,1/4/2015 16:01,Transfer,Metrobus,16B,,StoredValue FF,($1.25),$26.55 ,,
14,1/4/2015 15:48,Exit,Metrorail,Union Station,Pentagon,StoredValue FF,($1.95),$27.80 ,,
12,1/4/2015 15:05,Threshold Autoload,Metrorail,Union Station,,StoredValue FF,$20.00 ,$29.75 ,,
13,1/4/2015 15:05,Entry,Metrorail,Union Station,,StoredValue FF,$0.00 ,$29.75 ,,
11,12/24/2014 14:22,Exit,Metrorail,,Union Station,StoredValue FF,($1.45),$9.75 ,,
10,12/24/2014 13:55,Transfer,Metrorail,,Pentagon,StoredValue FF,$0.00 ,$11.20 ,,
9,12/24/2014 13:42,Entry,Metrobus,7A,,StoredValue FF,($1.75),$11.20 ,,
8,12/22/2014 19:23,Transfer,Metrobus,28A,,StoredValue FF,($0.15),$12.95 ,,
7,12/22/2014 19:07,Entry,DASH Bus,6,,StoredValue FF,($1.60),$13.10 ,,
6,12/14/2014 0:36,Transfer,Metrobus,16E,,StoredValue FF,($1.25),$14.70 ,,
5,12/14/2014 0:14,Exit,Metrorail,Mt Vernon Square,Pentagon,StoredValue FF,($1.85),$15.95 ,,
4,12/13/2014 23:56,Entry,Metrorail,Mt Vernon Square,,StoredValue FF,$0.00 ,$17.80 ,,
3,12/13/2014 13:21,Exit,Metrorail,,Smithsonian,StoredValue FF,($1.25),$17.80 ,,
2,12/13/2014 12:58,Transfer,Metrorail,,Pentagon,StoredValue FF,$0.00 ,$19.05 ,,
1,12/13/2014 12:24,Entry,Metrobus,16B,,StoredValue FF,($1.75),$19.05 ,,
0,12/9/2014 17:10,Transfer,Metrobus,28A,,StoredValue FF,($0.15),$20.80 ,,
15,12/9/2014 16:56,Entry,DASH Bus,6,,StoredValue FF,($1.60),$20.95 ,,
14,11/30/2014 18:58,Transfer,Metrobus,16B,,StoredValue FF,($1.25),$22.55 ,,
13,11/30/2014 18:32,Exit,Metrorail,Union Station,Pentagon,StoredValue FF,($1.95),$23.80 ,,
12,11/30/2014 18:02,Entry,Metrorail,Union Station,,StoredValue FF,$0.00 ,$25.75 ,,
11,11/26/2014 16:34,Exit,Metrorail,,Union Station,StoredValue FF,($1.90),$25.75 ,,
10,11/26/2014 16:16,Transfer,Metrorail,,Pentagon,StoredValue FF,$0.00 ,$27.65 ,,
8,11/26/2014 16:05,Threshold Autoload,Metrobus,7P,,StoredValue FF,$20.00 ,$29.40 ,,
9,11/26/2014 16:05,Entry,Metrobus,7P,,StoredValue FF,($1.75),$27.65 ,,
7,11/22/2014 19:15,Transfer,Metrobus,16J,,StoredValue FF,($1.25),$9.40 ,,
6,11/22/2014 19:01,Exit,Metrorail,Gallery Place,Pentagon,StoredValue FF,($1.75),$10.65 ,,
5,11/22/2014 18:47,Entry,Metrorail,Gallery Place,,StoredValue FF,$0.00 ,$12.40 ,,
4,11/22/2014 12:26,Exit,Metrorail,,Gallery Place,StoredValue FF,($1.25),$12.40 ,,
3,11/22/2014 12:02,Transfer,Metrorail,,Pentagon,StoredValue FF,$0.00 ,$13.65 ,,
2,11/22/2014 11:24,Entry,Metrobus,16B,,StoredValue FF,($1.75),$13.65 ,,
1,11/17/2014 10:39,Transfer,DASH Bus,6,,StoredValue FF,$0.00 ,$15.40 ,,
0,11/17/2014 10:21,Entry,Metrobus,28A,,StoredValue FF,($1.75),$15.40 ,,
15,11/9/2014 23:59,Transfer,Metrobus,16E,,StoredValue FF,($1.25),$17.15 ,,
14,11/9/2014 23:39,Exit,Metrorail,Gallery Place,Pentagon,StoredValue FF,($1.75),$18.40 ,,
13,11/9/2014 23:13,Entry,Metrorail,Gallery Place,,StoredValue FF,$0.00 ,$20.15 ,,
12,11/9/2014 17:21,Transfer,DC Circulator,Georgetown - Union,,StoredValue FF,($0.50),$20.15 ,,
11,11/9/2014 15:57,Exit,Metrorail,Gallery Place,Dupont Circle,StoredValue FF,($1.75),$20.65 ,,
10,11/9/2014 15:36,Entry,Metrorail,Gallery Place,,StoredValue FF,$0.00 ,$22.40 ,,
9,11/9/2014 12:15,Exit,Metrorail,,L'Enfant Plaza,StoredValue FF,($1.25),$22.40 ,,
8,11/9/2014 11:50,Transfer,Metrorail,,Pentagon,StoredValue FF,$0.00 ,$23.65 ,,
7,11/9/2014 11:14,Entry,Metrobus,16P,,StoredValue FF,($1.75),$23.65 ,,
6,10/26/2014 16:33,Transfer,Metrobus,28A,,StoredValue FF,($1.25),$25.40 ,,
5,10/26/2014 16:32,Exit,Metrorail,Rosslyn,King Street,StoredValue FF,($2.70),$26.65 ,,
4,10/26/2014 15:58,Entry,Metrorail,Rosslyn,,StoredValue FF,$0.00 ,$29.35 ,,
2,10/23/2014 10:08,Threshold Autoload,DASH Bus,6,,StoredValue FF,$20.00 ,$29.35 ,,
3,10/23/2014 10:08,Transfer,DASH Bus,6,,StoredValue FF,$0.00 ,$29.35 ,,
1,10/23/2014 9:43,Entry,Metrobus,28A,,StoredValue FF,($1.75),$9.35 ,,
0,10/21/2014 21:11,Entry,Metrobus,16G,,StoredValue FF,($1.75),$11.10 ,,
15,10/21/2014 17:46,Entry,Metrobus,7P,,StoredValue FF,($1.75),$12.85 ,,
14,10/15/2014 18:01,Transfer,Metrobus,28A,,StoredValue FF,($0.15),$14.60 ,,
13,10/15/2014 17:42,Entry,DASH Bus,6,,StoredValue FF,($1.60),$14.75 ,,
12,10/15/2014 10:10,Transfer,DASH Bus,6,,StoredValue FF,$0.00 ,$16.35 ,,
11,10/15/2014 9:45,Transfer,DASH Bus,9,,StoredValue FF,$0.00 ,$16.35 ,,
10,10/15/2014 9:18,Entry,Metrobus,28A,,StoredValue FF,($1.75),$16.35 ,,
9,10/1/2014 17:17,Transfer,Metrobus,28A,,StoredValue FF,($0.15),$18.10 ,,
8,10/1/2014 17:11,Entry,DASH Bus,6,,StoredValue FF,($1.60),$18.25 ,,
7,10/1/2014 9:37,Transfer,DASH Bus,6,,StoredValue FF,$0.00 ,$19.85 ,,
6,10/1/2014 9:17,Entry,Metrobus,28A,,StoredValue FF,($1.75),$19.85 ,,
5,9/25/2014 17:41,Transfer,Metrobus,28A,,StoredValue FF,($0.15),$21.60 ,,
4,9/25/2014 17:27,Transfer,DASH Bus,6,,StoredValue FF,$0.00 ,$21.75 ,,
3,9/25/2014 17:09,Entry,DASH Bus,6,,StoredValue FF,($1.60),$21.75 ,,
2,9/20/2014 14:19,Transfer,Metrobus,16J,,StoredValue FF,($1.25),$23.35 ,,
1,9/20/2014 14:00,Exit,Metrorail,Woodley Park-Zoo,Pentagon,StoredValue FF,($2.20),$24.60 ,,
0,9/20/2014 13:34,Entry,Metrorail,Woodley Park-Zoo,,StoredValue FF,$0.00 ,$26.80 ,,
15,9/20/2014 9:05,Exit,Metrorail,,Cleveland Park,StoredValue FF,($2.95),$26.80 ,,
14,9/20/2014 8:02,Transfer,Metrorail,,King Street,StoredValue FF,$0.00 ,$29.75 ,,
13,9/20/2014 7:32,Entry,Metrobus,28A,,StoredValue FF,($1.75),$29.75 ,,
12,9/19/2014 17:55,Transfer,Metrobus,16X,,StoredValue FF,$0.00 ,$31.50 ,,
11,9/19/2014 17:45,Entry,Metrobus,7P,,StoredValue FF,($1.75),$31.50 ,,
10,9/19/2014 9:36,Transfer,Metrobus,7F,,StoredValue FF,$0.00 ,$33.25 ,,
9,9/19/2014 9:01,Entry,Metrobus,16A,,StoredValue FF,($1.75),$33.25 ,,
6,9/18/2014 17:41,Directed Autoload,Metrobus,28A,,StoredValue FF,$20.00 ,$36.75 ,,
7,9/18/2014 17:41,Setup Threshold Autoload,Metrobus,28A,,StoredValue FF,$0.00 ,$36.75 ,,
8,9/18/2014 17:41,Entry,Metrobus,28A,,StoredValue FF,($1.75),$35.00 ,,
5,9/17/2014 17:58,Exit,Metrorail,Pentagon,Rosslyn,StoredValue FF,($2.15),$16.75 ,,
4,9/17/2014 17:21,Entry,Metrorail,Pentagon,,StoredValue FF,$0.00 ,$18.90 ,,
3,9/17/2014 17:21,Sale,Metrorail,Pentagon,,StoredValue FF,$20.00 ,$18.90 ,,
2,9/17/2014 9:08,Transfer,DASH Bus,6,,StoredValue FF,$0.00 ,($1.10),,
1,9/17/2014 8:50,Entry,Metrobus,28A,,StoredValue FF,($1.75),($1.10),,
0,9/16/2014 17:38,Entry,Metrobus,28A,,Mbus WkPass FF,$0.00 ,$0.65 ,,
15,9/16/2014 17:27,Entry,DASH Bus,6,,Mbus WkPass FF,$0.00 ,$0.65 ,,
14,9/16/2014 9:42,Entry,DASH Bus,9,,Mbus WkPass FF,$0.00 ,$0.65 ,,
13,9/16/2014 9:18,Entry,Metrobus,28A,,Mbus WkPass FF,$0.00 ,$0.65 ,,
12,9/14/2014 17:30,Entry,DASH Bus,1,,Mbus WkPass FF,$0.00 ,$0.65 ,,
11,9/14/2014 16:54,Entry,FFC Bus,321,,Mbus WkPass FF,$0.00 ,$0.65 ,,
10,9/14/2014 12:37,Exit,Metrorail,Van Dorn Street,Franconia-Springfield,StoredValue FF,($1.85),$0.65 ,,
9,9/14/2014 12:17,Entry,Metrorail,Van Dorn Street,,StoredValue FF,$0.00 ,$2.50 ,,
8,9/14/2014 11:40,Entry,DASH Bus,1,,Mbus WkPass FF,$0.00 ,$2.50 ,,
7,9/12/2014 17:44,Entry,DASH Bus,5,,Mbus WkPass FF,$0.00 ,$2.50 ,,
6,9/12/2014 17:08,Entry,DASH Bus,6,,Mbus WkPass FF,$0.00 ,$2.50 ,,
5,9/12/2014 8:52,Entry,Metrobus,7F,,Mbus WkPass FF,$0.00 ,$2.50 ,,
4,9/11/2014 18:29,Entry,Metrobus,7W,,Mbus WkPass FF,$0.00 ,$2.50 ,,
3,9/11/2014 18:12,Entry,DASH Bus,6,,Mbus WkPass FF,$0.00 ,$2.50 ,,
2,9/11/2014 8:49,Entry,Metrobus,7W,,Mbus WkPass FF,$0.00 ,$2.50 ,,
1,9/10/2014 18:24,Entry,Metrobus,7W,,Mbus WkPass FF,$0.00 ,$2.50 ,,
0,9/10/2014 18:03,Entry,Metrobus,7Y,,Mbus WkPass FF,$0.00 ,$2.50 ,,
15,9/10/2014 8:48,"Entry
Pass First Use",Metrobus,7F,,Mbus WkPass FF,$0.00 ,$2.50 ,,
13,9/9/2014 18:04,Directed Autoload,Metrobus,7X,,Mbus WkPass FF,$0.00 ,$2.50 ,,
14,9/9/2014 18:04,Transfer,Metrobus,7X,,StoredValue FF,$0.00 ,$2.50 ,,
12,9/9/2014 17:54,Entry,Metrobus,7Y,,StoredValue FF,($1.75),$2.50 ,,
11,9/9/2014 17:54,Sale,Metrobus,7Y,,StoredValue FF,$6.00 ,$4.25 ,,
10,9/9/2014 8:48,Entry,Metrobus,7F,,StoredValue FF,($1.75),($1.75),,
9,9/8/2014 8:02,Entry,DASH Bus,2,,StoredValue FF,($1.60),$0.00 ,,
8,8/1/2014 13:32,Exit,Metrorail,Pentagon City,Union Station,StoredValue FF,($2.05),$1.60 ,,
7,8/1/2014 13:04,Entry,Metrorail,Pentagon City,,StoredValue FF,$0.00 ,$3.65 ,,
6,8/1/2014 10:32,Exit,Metrorail,Rosslyn,Rosslyn,StoredValue FF,($1.75),$3.65 ,,
5,8/1/2014 10:11,Entry,Metrorail,Rosslyn,,StoredValue FF,$0.00 ,$5.40 ,,
4,7/31/2014 19:04,Exit,Metrorail,Judiciary Square,Mt Vernon Square,StoredValue FF,($2.15),$5.40 ,,
3,7/31/2014 18:54,Entry,Metrorail,Judiciary Square,,StoredValue FF,$0.00 ,$7.55 ,,
2,7/16/2014 8:59,Entry,DC Circulator,Georgetown - Union,,StoredValue FF,($1.00),$7.55 ,,
1,7/15/2014 16:20,Exit,Metrorail,,Rosslyn,StoredValue FF,($1.65),$8.55 ,,
0,7/15/2014 16:08,Transfer,Metrorail,,Ballston,StoredValue FF,$0.00 ,$10.20 ,,
15,7/15/2014 15:57,Entry,Metrobus,22A,,StoredValue FF,($1.75),$10.20 ,,
14,7/15/2014 13:09,Transfer,Metrobus,22A,,StoredValue FF,($1.25),$11.95 ,,
13,7/15/2014 12:50,Exit,Metrorail,Rosslyn,Ballston,StoredValue FF,($1.75),$13.20 ,,
12,7/15/2014 12:35,Entry,Metrorail,Rosslyn,,StoredValue FF,$0.00 ,$14.95 ,,
11,7/14/2014 21:11,Entry,Metrobus,42,,StoredValue FF,($1.75),$14.95 ,,
10,7/14/2014 18:08,Entry,Metrobus,L2,,StoredValue FF,($1.75),$16.70 ,,
9,7/14/2014 15:48,Transfer,DC Circulator,Georgetown - Union,,StoredValue FF,$0.00 ,$18.45 ,,
8,7/14/2014 15:37,Transfer,DC Circulator,Georgetown - Union,,StoredValue FF,($0.50),$18.45 ,,
7,7/14/2014 14:41,Exit,Metrorail,Capitol South,Farragut West,StoredValue FF,($1.75),$18.95 ,,
6,7/14/2014 14:25,Entry,Metrorail,Capitol South,,StoredValue FF,$0.00 ,$20.70 ,,
5,7/14/2014 14:25,Sale,Metrorail,Capitol South,,StoredValue FF,$20.00 ,$20.70 ,,
4,5/10/2014 1:10,Entry,DC Circulator,Union - Navy,,StoredValue FF,($1.00),$0.70 ,,
3,4/28/2014 21:27,Entry,Metrobus,31,,StoredValue FF,($1.60),$1.70 ,,
2,4/28/2014 17:50,Entry,Metrobus,31,,StoredValue FF,($1.60),$3.30 ,,
1,4/19/2014 17:53,Entry,Metrobus,D3,,StoredValue FF,($1.60),$4.90 ,,
0,4/19/2014 16:32,"Sale
Cancelled Trans",Metrorail,Dupont Circle,,StoredValue FF,$0.00 ,$6.50 ,,
0,4/19/2014 16:31,Exit,Metrorail,,Dupont Circle,StoredValue FF,($3.50),$6.50 ,,
15,4/19/2014 15:36,Entry,Metrorail,Rockville,,StoredValue FF,$0.00 ,$10.00 ,,
14,4/19/2014 12:22,Exit,Metrorail,,Rockville,StoredValue FF,($3.00),$10.00 ,,
13,4/19/2014 11:52,Transfer,Metrorail,,Dupont Circle,StoredValue FF,$0.00 ,$13.00 ,,
12,4/19/2014 11:25,Entry,DC Circulator,Rosslyn - Dupont,,StoredValue FF,($1.00),$13.00 ,,
11,4/18/2014 14:00,Exit,Metrorail,McPherson Square,Rosslyn,StoredValue FF,($1.70),$14.00 ,,
10,4/18/2014 13:50,Entry,Metrorail,McPherson Square,,StoredValue FF,$0.00 ,$15.70 ,,
9,4/17/2014 23:06,Transfer,DC Circulator,Georgetown - Union,,StoredValue FF,$0.00 ,$15.70 ,,
8,4/17/2014 21:07,Entry,Metrobus,31,,StoredValue FF,($1.60),$15.70 ,,
7,4/16/2014 20:52,Exit,Metrorail,Gallery Place,Dupont Circle,StoredValue FF,($1.70),$17.30 ,,
6,4/16/2014 20:42,Entry,Metrorail,Gallery Place,,StoredValue FF,$0.00 ,$19.00 ,,
5,4/16/2014 18:37,Exit,Metrorail,Dupont Circle,Gallery Place,StoredValue FF,($2.10),$19.00 ,,
4,4/16/2014 18:27,Entry,Metrorail,Dupont Circle,,StoredValue FF,$0.00 ,$21.10 ,,
3,4/16/2014 18:27,Sale,Metrorail,Dupont Circle,,StoredValue FF,$20.00 ,$21.10 ,,
2,4/16/2014 18:26,ALPO Object Unload,Metrorail,Dupont Circle,,ALP SB Trn FF,$0.00 ,$1.10 ,,
1,3/24/2014 21:52,Entry,Metrobus,31,,StoredValue FF,($1.60),$1.10 ,,
0,3/24/2014 18:47,Entry,Metrobus,31,,StoredValue FF,($1.60),$2.70 ,,
15,3/17/2014 21:46,Entry,Metrobus,31,,StoredValue FF,($1.60),$4.30 ,,
14,3/17/2014 18:49,Entry,DC Circulator,Georgetown - Union,,StoredValue FF,($1.00),$5.90 ,,
13,3/16/2014 19:27,Entry,DC Circulator,Rosslyn - Dupont,,StoredValue FF,($1.00),$6.90 ,,
12,3/16/2014 17:06,Entry,Metrobus,38B,,StoredValue FF,($1.60),$7.90 ,,
11,3/16/2014 10:47,Entry,DC Circulator,Georgetown - Union,,StoredValue FF,($1.00),$9.50 ,,
10,3/15/2014 16:56,Entry,DC Circulator,Georgetown - Union,,StoredValue FF,($1.00),$10.50 ,,
9,3/15/2014 12:09,Entry,DC Circulator,Georgetown - Union,,StoredValue FF,($1.00),$11.50 ,,
8,3/12/2014 12:05,Entry,DC Circulator,Georgetown - Union,,StoredValue FF,($1.00),$12.50 ,,
6,3/8/2014 10:22,ALPO Object Suspend,DC Circulator,Georgetown - Union,,ALP SB Trn FF,$0.00 ,$14.50 ,($124.35),
7,3/8/2014 10:22,Entry,DC Circulator,Georgetown - Union,,StoredValue FF,($1.00),$13.50 ,,
5,3/4/2014 21:27,Exit,Metrorail,Metro Center,Rosslyn,Stored ValueALP SB Trn FF,$0.00 ,$14.50 ,($1.70),
4,3/4/2014 21:13,Entry,Metrorail,Metro Center,,Stored ValueALP SB Trn FF,$0.00 ,$14.50 ,$0.00 ,
3,3/4/2014 18:54,Exit,Metrorail,Rosslyn,Metro Center,Stored ValueALP SB Trn FF,$0.00 ,$14.50 ,($2.10),
2,3/4/2014 18:41,Entry,Metrorail,Rosslyn,,Stored ValueALP SB Trn FF,$0.00 ,$14.50 ,$0.00 ,
1,3/2/2014 11:26,Exit,Metrorail,National Airport,Rosslyn,Stored ValueALP SB Trn FF,$0.00 ,$14.50 ,($1.80),
0,3/2/2014 11:02,Entry,Metrorail,National Airport,,Stored ValueALP SB Trn FF,$0.00 ,$14.50 ,$0.00 ,
15,3/2/2014 11:02,ALPO Object Update,Metrorail,National Airport,,ALP SB Trn FF,$0.00 ,$14.50 ,$0.00 ,
14,2/28/2014 9:37,Exit,Metrorail,Rosslyn,National Airport,Stored ValueALP SB Trn FF,$0.00 ,$14.50 ,($2.30),
13,2/28/2014 9:22,Entry,Metrorail,Rosslyn,,Stored ValueALP SB Trn FF,$0.00 ,$14.50 ,$0.00 ,
12,2/24/2014 21:48,Entry,Metrobus,31,,Stored ValueALP SB Trn FF,$0.00 ,$14.50 ,($1.60),
11,2/24/2014 18:29,Entry,Metrobus,31,,Stored ValueALP SB Trn FF,$0.00 ,$14.50 ,($1.60),
9,2/21/2014 14:05,Exit,Metrorail,Pentagon,Rosslyn,Stored ValueALP SB Trn FF,$0.00 ,$14.50 ,($1.70),
8,2/21/2014 13:53,Entry,Metrorail,Pentagon,,Stored ValueALP SB Trn FF,$0.00 ,$14.50 ,$0.00 ,
10,2/21/2014 13:45,Transfer,DC Circulator,Rosslyn - Dupont,,Stored ValueALP SB Trn FF,$0.00 ,$14.50 ,($0.50),
7,2/21/2014 12:15,Exit,Metrorail,Rosslyn,Pentagon,Stored ValueALP SB Trn FF,$0.00 ,$14.50 ,($1.70),
6,2/21/2014 11:59,Entry,Metrorail,Rosslyn,,Stored ValueALP SB Trn FF,$0.00 ,$14.50 ,$0.00 ,
5,2/16/2014 13:58,Entry,Metrobus,D2,,Stored ValueALP SB Trn FF,$0.00 ,$14.50 ,($1.60),
4,2/14/2014 12:17,Exit,Metrorail,Union Station,Dupont Circle,Stored ValueALP SB Trn FF,$0.00 ,$14.50 ,($1.70),
3,2/14/2014 12:04,Entry,Metrorail,Union Station,,Stored ValueALP SB Trn FF,$0.00 ,$14.50 ,$0.00 ,
2,2/14/2014 10:59,Exit,Metrorail,Dupont Circle,Union Station,Stored ValueALP SB Trn FF,$0.00 ,$14.50 ,($1.70),
1,2/14/2014 10:35,Entry,Metrorail,Dupont Circle,,Stored ValueALP SB Trn FF,$0.00 ,$14.50 ,$0.00 ,
0,2/13/2014 19:03,Exit,Metrorail,Rosslyn,Dupont Circle,Stored ValueALP SB Trn FF,$0.00 ,$14.50 ,($2.10),
15,2/13/2014 18:38,Entry,Metrorail,Rosslyn,,Stored ValueALP SB Trn FF,$0.00 ,$14.50 ,$0.00 ,
14,2/12/2014 15:19,Transfer,DC Circulator,Georgetown - Union,,StoredValue FF,$0.00 ,$14.50 ,$0.00 ,
13,2/12/2014 13:22,Entry,DC Circulator,Georgetown - Union,,Stored ValueALP SB Trn FF,$0.00 ,$14.50 ,($1.00),
12,2/10/2014 21:20,Entry,Metrobus,31,,Stored ValueALP SB Trn FF,$0.00 ,$14.50 ,($1.60),
11,2/10/2014 17:30,Entry,Metrobus,31,,Stored ValueALP SB Trn FF,$0.00 ,$14.50 ,($1.60),
10,2/7/2014 16:23,Exit,Metrorail,Dupont Circle,Rockville,Stored ValueALP SB Trn FF,$0.00 ,$14.50 ,($5.10),
9,2/7/2014 15:48,Entry,Metrorail,Dupont Circle,,Stored ValueALP SB Trn FF,$0.00 ,$14.50 ,$0.00 ,
8,2/6/2014 13:53,Exit,Metrorail,Gallery Place,Dupont Circle,Stored ValueALP SB Trn FF,$0.00 ,$14.50 ,($1.70),
7,2/6/2014 13:45,Entry,Metrorail,Gallery Place,,Stored ValueALP SB Trn FF,$0.00 ,$14.50 ,$0.00 ,
6,2/6/2014 13:10,Exit,Metrorail,Dupont Circle,Gallery Place,Stored ValueALP SB Trn FF,$0.00 ,$14.50 ,($1.70),
5,2/6/2014 13:02,Entry,Metrorail,Dupont Circle,,Stored ValueALP SB Trn FF,$0.00 ,$14.50 ,$0.00 ,
3,2/5/2014 21:08,ALPO Object Update,DC Circulator,Georgetown - Union,,ALP SB Trn FF,$0.00 ,$14.50 ,$0.00 ,
4,2/5/2014 21:08,Entry,DC Circulator,Georgetown - Union,,Stored ValueALP SB Trn FF,$0.00 ,$14.50 ,($1.00),
1,1/13/2014 21:17,ALPO Object Update,DC Circulator,Georgetown - Union,,ALP SB Trn FF,$0.00 ,$14.50 ,$0.00 ,
2,1/13/2014 21:17,Entry,DC Circulator,Georgetown - Union,,Stored ValueALP SB Trn FF,$0.00 ,$14.50 ,($1.00),
0,1/13/2014 17:04,Entry,Metrobus,31,,Stored ValueALP SB Trn FF,$0.00 ,$14.50 ,($1.60),
15,1/9/2014 11:32,Exit,Metrorail,,Court House,Stored ValueALP SB Trn FF,$0.00 ,$14.50 ,($1.20),
14,1/9/2014 11:19,Transfer,Metrorail,,Rosslyn,Stored ValueALP SB Trn FF,$0.00 ,$14.50 ,$0.00 ,
13,1/9/2014 10:50,Entry,DC Circulator,Rosslyn - Dupont,,Stored ValueALP SB Trn FF,$0.00 ,$14.50 ,($1.00),
12,1/7/2014 15:28,Exit,Metrorail,Union Station,Dupont Circle,Stored ValueALP SB Trn FF,$0.00 ,$14.50 ,($2.10),
10,1/7/2014 15:13,ALPO Object Update,Metrorail,Union Station,,ALP SB Trn FF,$0.00 ,$14.50 ,$0.00 ,
11,1/7/2014 15:13,Entry,Metrorail,Union Station,,Stored ValueALP SB Trn FF,$0.00 ,$14.50 ,$0.00 ,
9,12/13/2013 20:09,Exit,Metrorail,Union Station,Dupont Circle,Stored ValueALP SB Trn FF,$0.00 ,$14.50 ,($1.70),
8,12/13/2013 19:57,Entry,Metrorail,Union Station,,Stored ValueALP SB Trn FF,$0.00 ,$14.50 ,$0.00 ,
7,12/12/2013 13:15,Exit,Metrorail,Rosslyn,Capitol South,Stored ValueALP SB Trn FF,$0.00 ,$14.50 ,($2.00),
6,12/12/2013 12:52,Entry,Metrorail,Rosslyn,,Stored ValueALP SB Trn FF,$0.00 ,$14.50 ,$0.00 ,
5,12/11/2013 13:49,Exit,Metrorail,Union Station,Dupont Circle,Stored ValueALP SB Trn FF,$0.00 ,$14.50 ,($1.70),
4,12/11/2013 13:32,Entry,Metrorail,Union Station,,Stored ValueALP SB Trn FF,$0.00 ,$14.50 ,$0.00 ,
3,12/5/2013 17:32,Exit,Metrorail,Union Station,Dupont Circle,Stored ValueALP SB Trn FF,$0.00 ,$14.50 ,($2.10),
2,12/5/2013 17:18,Entry,Metrorail,Union Station,,Stored ValueALP SB Trn FF,$0.00 ,$14.50 ,$0.00 ,
1,12/3/2013 16:55,Entry,DC Circulator,Georgetown - Union,,Stored ValueALP SB Trn FF,$0.00 ,$14.50 ,($1.00),
0,12/3/2013 12:59,Exit,Metrorail,,Capitol South,Stored ValueALP SB Trn FF,$0.00 ,$14.50 ,($2.00),
15,12/3/2013 12:34,Entry,Metrorail,Rosslyn,,Stored ValueALP SB Trn FF,$0.00 ,$14.50 ,$0.00 ,
13,12/1/2013 22:34,Exit,Metrorail,Union Station,Dupont Circle,Stored ValueALP SB Trn FF,$0.00 ,$14.50 ,($1.70),
14,12/1/2013 22:21,Transfer,DC Circulator,Rosslyn - Dupont,,Stored ValueALP SB Trn FF,$0.00 ,$14.50 ,($0.50),
11,12/1/2013 22:02,ALPO Object Update,Metrorail,Union Station,,ALP SB Trn FF,$0.00 ,$14.50 ,$0.00 ,
12,12/1/2013 22:02,Entry,Metrorail,Union Station,,Stored ValueALP SB Trn FF,$0.00 ,$14.50 ,$0.00 ,
10,11/27/2013 17:18,Exit,Metrorail,Dupont Circle,Union Station,Stored ValueALP SB Trn FF,$0.00 ,$14.50 ,($2.10),
9,11/27/2013 17:04,Entry,Metrorail,Dupont Circle,,Stored ValueALP SB Trn FF,$0.00 ,$14.50 ,$0.00 ,
8,11/27/2013 14:05,Exit,Metrorail,Union Station,Dupont Circle,Stored ValueALP SB Trn FF,$0.00 ,$14.50 ,($1.70),
7,11/27/2013 13:44,Entry,Metrorail,Union Station,,Stored ValueALP SB Trn FF,$0.00 ,$14.50 ,$0.00 ,
6,11/26/2013 12:52,Exit,Metrorail,Rosslyn,Capitol South,Stored ValueALP SB Trn FF,$0.00 ,$14.50 ,($2.00),
5,11/26/2013 12:34,Entry,Metrorail,Rosslyn,,Stored ValueALP SB Trn FF,$0.00 ,$14.50 ,$0.00 ,
4,11/22/2013 17:44,Exit,Metrorail,Capitol South,Rosslyn,Stored ValueALP SB Trn FF,$0.00 ,$14.50 ,($2.50),
3,11/22/2013 17:23,Entry,Metrorail,Capitol South,,Stored ValueALP SB Trn FF,$0.00 ,$14.50 ,$0.00 ,
2,11/21/2013 12:57,Exit,Metrorail,Rosslyn,Capitol South,Stored ValueALP SB Trn FF,$0.00 ,$14.50 ,($2.00),
1,11/21/2013 12:31,Entry,Metrorail,Rosslyn,,Stored ValueALP SB Trn FF,$0.00 ,$14.50 ,$0.00 ,
0,11/19/2013 17:59,Entry,DC Circulator,Georgetown - Union,,Stored ValueALP SB Trn FF,$0.00 ,$14.50 ,($1.00),
15,11/19/2013 12:51,Exit,Metrorail,Rosslyn,Capitol South,Stored ValueALP SB Trn FF,$0.00 ,$14.50 ,($2.00),
14,11/19/2013 12:33,Entry,Metrorail,Rosslyn,,Stored ValueALP SB Trn FF,$0.00 ,$14.50 ,$0.00 ,
13,11/15/2013 9:16,Exit,Metrorail,Rosslyn,Capitol South,Stored ValueALP SB Trn FF,$0.00 ,$14.50 ,($2.50),
12,11/15/2013 8:55,Entry,Metrorail,Rosslyn,,Stored ValueALP SB Trn FF,$0.00 ,$14.50 ,$0.00 ,
11,11/14/2013 12:54,Exit,Metrorail,Rosslyn,Capitol South,Stored ValueALP SB Trn FF,$0.00 ,$14.50 ,($2.00),
10,11/14/2013 12:33,Entry,Metrorail,Rosslyn,,Stored ValueALP SB Trn FF,$0.00 ,$14.50 ,$0.00 ,
9,11/12/2013 12:50,Exit,Metrorail,Rosslyn,Capitol South,Stored ValueALP SB Trn FF,$0.00 ,$14.50 ,($2.00),
8,11/12/2013 12:32,Entry,Metrorail,Rosslyn,,Stored ValueALP SB Trn FF,$0.00 ,$14.50 ,$0.00 ,
7,11/7/2013 12:50,Exit,Metrorail,Rosslyn,Capitol South,Stored ValueALP SB Trn FF,$0.00 ,$14.50 ,($2.00),
6,11/7/2013 12:33,Entry,Metrorail,Rosslyn,,Stored ValueALP SB Trn FF,$0.00 ,$14.50 ,$0.00 ,
5,11/5/2013 12:52,Exit,Metrorail,Rosslyn,Capitol South,Stored ValueALP SB Trn FF,$0.00 ,$14.50 ,($2.00),
3,11/5/2013 12:34,ALPO Object Update,Metrorail,Rosslyn,,ALP SB Trn FF,$0.00 ,$14.50 ,$160.00 ,
4,11/5/2013 12:34,Entry,Metrorail,Rosslyn,,Stored ValueALP SB Trn FF,$0.00 ,$14.50 ,$0.00 ,
